mirna_feature,mirna_name,gene
hsa-mir-362,hsa-mir-362,LPIN1
hsa-mir-362,hsa-mir-362,UBE2E3
hsa-mir-362,hsa-mir-362,MTHFD1L
hsa-mir-362,hsa-mir-362,SERBP1
hsa-mir-155,hsa-mir-155,SHCBP1
hsa-mir-155,hsa-mir-155,USP6NL
hsa-mir-155,hsa-mir-155,NMT2
hsa-mir-155,hsa-mir-155,NXN
hsa-mir-155,hsa-mir-155,JOSD1
hsa-mir-155,hsa-mir-155,GMPS
hsa-mir-155,hsa-mir-155,CDK6
hsa-mir-155,hsa-mir-155,DONSON
hsa-mir-155,hsa-mir-155,GPM6B
hsa-mir-155,hsa-mir-155,TRIM2
hsa-mir-155,hsa-mir-155,NUDT5
hsa-mir-155,hsa-mir-155,CDC42EP1
hsa-mir-155,hsa-mir-155,ANP32E
hsa-mir-155,hsa-mir-155,CBX2
hsa-mir-155,hsa-mir-155,FAM171A1
hsa-mir-155,hsa-mir-155,ANLN
hsa-mir-155,hsa-mir-155,MRAS
hsa-mir-155,hsa-mir-155,MYO10
hsa-mir-155,hsa-mir-155,CEP55
hsa-mir-155,hsa-mir-155,SOX11
hsa-mir-155,hsa-mir-155,GPN1
hsa-mir-155,hsa-mir-155,TRIM29
hsa-mir-155,hsa-mir-155,CEBPB
hsa-mir-155,hsa-mir-155,E2F3
hsa-mir-155,hsa-mir-155,PIM1
hsa-mir-155,hsa-mir-155,RHEB
hsa-mir-155,hsa-mir-155,SOX10
hsa-mir-155,hsa-mir-155,PSAT1
hsa-mir-155,hsa-mir-155,STK38
hsa-mir-155,hsa-mir-155,EML4
hsa-mir-155,hsa-mir-155,CDC25A
hsa-mir-155,hsa-mir-155,PSMG1
hsa-mir-155,hsa-mir-155,GATA3
hsa-mir-155,hsa-mir-155,PDIA6
hsa-mir-155,hsa-mir-155,CHST3
hsa-mir-155,hsa-mir-155,CDCA2
hsa-mir-155,hsa-mir-155,HDGF
hsa-mir-155,hsa-mir-155,KIF23
hsa-mir-155,hsa-mir-155,RAP2B
hsa-mir-155,hsa-mir-155,SRPK1
hsa-mir-155,hsa-mir-155,SEPHS1
hsa-mir-155,hsa-mir-155,CLCN4
hsa-mir-155,hsa-mir-155,MPP6
hsa-mir-155,hsa-mir-155,SERBP1
hsa-mir-155,hsa-mir-155,OIP5
hsa-mir-155,hsa-mir-155,CHEK1
hsa-mir-3136,hsa-mir-3136,KIAA0141
hsa-mir-3136,hsa-mir-3136,KHDRBS3
hsa-mir-3136,hsa-mir-3136,UCK2
hsa-mir-3136,hsa-mir-3136,RAP2B
hsa-mir-3136,hsa-mir-3136,MSN
hsa-mir-3136,hsa-mir-3136,SEPHS1
hsa-mir-3136,hsa-mir-3136,PSMB2
hsa-mir-3136,hsa-mir-3136,ATL2
hsa-mir-3136,hsa-mir-3136,SOX11
hsa-mir-511,hsa-mir-511,NUDT5
hsa-mir-511,hsa-mir-511,XPO5
hsa-mir-7112,hsa-mir-7112,PIM1
hsa-mir-7112,hsa-mir-7112,TUBB6
hsa-mir-7112,hsa-mir-7112,SFT2D2
hsa-mir-7112,hsa-mir-7112,CRY2
hsa-mir-7112,hsa-mir-7112,MEMO1
hsa-mir-7112,hsa-mir-7112,CENPO
hsa-mir-7112,hsa-mir-7112,GABRP
hsa-mir-7112,hsa-mir-7112,GPSM2
hsa-mir-17,hsa-mir-17,NMT2
hsa-mir-17,hsa-mir-17,CDCA7
hsa-mir-17,hsa-mir-17,JOSD1
hsa-mir-17,hsa-mir-17,FOXA1
hsa-mir-17,hsa-mir-17,CDK6
hsa-mir-17,hsa-mir-17,DONSON
hsa-mir-17,hsa-mir-17,TRIM2
hsa-mir-17,hsa-mir-17,MASTL
hsa-mir-17,hsa-mir-17,ANP32E
hsa-mir-17,hsa-mir-17,MCM3
hsa-mir-17,hsa-mir-17,CRY2
hsa-mir-17,hsa-mir-17,MRAS
hsa-mir-17,hsa-mir-17,PPARA
hsa-mir-17,hsa-mir-17,XPO5
hsa-mir-17,hsa-mir-17,E2F3
hsa-mir-17,hsa-mir-17,STK38
hsa-mir-17,hsa-mir-17,CDCA3
hsa-mir-17,hsa-mir-17,EML4
hsa-mir-17,hsa-mir-17,TROAP
hsa-mir-17,hsa-mir-17,RACGAP1
hsa-mir-17,hsa-mir-17,CHST3
hsa-mir-17,hsa-mir-17,UBE2E3
hsa-mir-17,hsa-mir-17,LYN
hsa-mir-17,hsa-mir-17,PFKP
hsa-mir-17,hsa-mir-17,UBXN2A
hsa-mir-17,hsa-mir-17,KIF23
hsa-mir-17,hsa-mir-17,BTG3
hsa-mir-17,hsa-mir-17,LMO4
hsa-mir-17,hsa-mir-17,BAG2
hsa-mir-17,hsa-mir-17,SEPHS1
hsa-mir-17,hsa-mir-17,CENPO
hsa-mir-17,hsa-mir-17,RUNDC1
hsa-mir-17,hsa-mir-17,TCF7L1
hsa-mir-146b,hsa-mir-146b,EML4
hsa-mir-146b,hsa-mir-146b,NMT2
hsa-mir-146b,hsa-mir-146b,JOSD1
hsa-mir-146b,hsa-mir-146b,GMPS
hsa-mir-146b,hsa-mir-146b,CHST3
hsa-mir-146b,hsa-mir-146b,CDK6
hsa-mir-146b,hsa-mir-146b,DONSON
hsa-mir-146b,hsa-mir-146b,TRIM2
hsa-mir-146b,hsa-mir-146b,UBXN2A
hsa-mir-146b,hsa-mir-146b,TUBB6
hsa-mir-146b,hsa-mir-146b,ANP32E
hsa-mir-146b,hsa-mir-146b,MRAS
hsa-mir-146b,hsa-mir-146b,IRAK1
hsa-mir-146b,hsa-mir-146b,CLCN4
hsa-mir-4999,hsa-mir-4999,TBC1D22B
hsa-mir-4999,hsa-mir-4999,KIAA0141
hsa-mir-4999,hsa-mir-4999,CDCA7
hsa-mir-4999,hsa-mir-4999,SHCBP1
hsa-mir-4999,hsa-mir-4999,LMNB2
hsa-mir-4999,hsa-mir-4999,COMMD2
hsa-mir-4999,hsa-mir-4999,E2F3
hsa-mir-4999,hsa-mir-4999,YBX1
hsa-mir-4999,hsa-mir-4999,EML4
hsa-mir-4999,hsa-mir-4999,CDK6
hsa-mir-106a,hsa-mir-106a,NMT2
hsa-mir-106a,hsa-mir-106a,CDCA7
hsa-mir-106a,hsa-mir-106a,JOSD1
hsa-mir-106a,hsa-mir-106a,FOXA1
hsa-mir-106a,hsa-mir-106a,CDK6
hsa-mir-106a,hsa-mir-106a,DONSON
hsa-mir-106a,hsa-mir-106a,TBC1D22B
hsa-mir-106a,hsa-mir-106a,ST8SIA1
hsa-mir-106a,hsa-mir-106a,TRIM2
hsa-mir-106a,hsa-mir-106a,MASTL
hsa-mir-106a,hsa-mir-106a,ANP32E
hsa-mir-106a,hsa-mir-106a,MCM3
hsa-mir-106a,hsa-mir-106a,CRY2
hsa-mir-106a,hsa-mir-106a,MRAS
hsa-mir-106a,hsa-mir-106a,PPARA
hsa-mir-106a,hsa-mir-106a,E2F3
hsa-mir-106a,hsa-mir-106a,STK38
hsa-mir-106a,hsa-mir-106a,CDCA3
hsa-mir-106a,hsa-mir-106a,EML4
hsa-mir-106a,hsa-mir-106a,TROAP
hsa-mir-106a,hsa-mir-106a,GATA3
hsa-mir-106a,hsa-mir-106a,RACGAP1
hsa-mir-106a,hsa-mir-106a,CHST3
hsa-mir-106a,hsa-mir-106a,LYN
hsa-mir-106a,hsa-mir-106a,PFKP
hsa-mir-106a,hsa-mir-106a,UBXN2A
hsa-mir-106a,hsa-mir-106a,KIF23
hsa-mir-106a,hsa-mir-106a,BTG3
hsa-mir-106a,hsa-mir-106a,BAG2
hsa-mir-106a,hsa-mir-106a,SEPHS1
hsa-mir-106a,hsa-mir-106a,CENPO
hsa-mir-106a,hsa-mir-106a,RUNDC1
hsa-mir-106a,hsa-mir-106a,TCF7L1
hsa-mir-30e,hsa-mir-30e,ANKRA2
hsa-mir-30e,hsa-mir-30e,SLC22A5
hsa-mir-30e,hsa-mir-30e,DSC2
hsa-mir-30e,hsa-mir-30e,E2F3
hsa-mir-30e,hsa-mir-30e,EML4
hsa-mir-30e,hsa-mir-30e,NMT2
hsa-mir-30e,hsa-mir-30e,MTHFD1L
hsa-mir-30e,hsa-mir-30e,CDCA7
hsa-mir-30e,hsa-mir-30e,JOSD1
hsa-mir-30e,hsa-mir-30e,TSPAN33
hsa-mir-30e,hsa-mir-30e,DBF4
hsa-mir-30e,hsa-mir-30e,YBX1
hsa-mir-30e,hsa-mir-30e,ATL2
hsa-mir-30e,hsa-mir-30e,FOXA1
hsa-mir-30e,hsa-mir-30e,ST8SIA1
hsa-mir-30e,hsa-mir-30e,LYN
hsa-mir-30e,hsa-mir-30e,UGT8
hsa-mir-30e,hsa-mir-30e,IFNAR2
hsa-mir-30e,hsa-mir-30e,UBXN2A
hsa-mir-30e,hsa-mir-30e,PPP1R14C
hsa-mir-30e,hsa-mir-30e,RAP2B
hsa-mir-30e,hsa-mir-30e,CBX2
hsa-mir-30e,hsa-mir-30e,CRY2
hsa-mir-30e,hsa-mir-30e,B3GNT5
hsa-mir-30e,hsa-mir-30e,SEPHS1
hsa-mir-30e,hsa-mir-30e,SKP2
hsa-mir-30e,hsa-mir-30e,COTL1
hsa-mir-138-2,hsa-mir-138-2,EZH2
hsa-mir-138-2,hsa-mir-138-2,DEK
hsa-mir-138-2,hsa-mir-138-2,E2F3
hsa-mir-138-2,hsa-mir-138-2,EML4
hsa-mir-138-2,hsa-mir-138-2,NMT2
hsa-mir-138-2,hsa-mir-138-2,NXN
hsa-mir-138-2,hsa-mir-138-2,JOSD1
hsa-mir-138-2,hsa-mir-138-2,RBM28
hsa-mir-138-2,hsa-mir-138-2,CHST3
hsa-mir-138-2,hsa-mir-138-2,CDK6
hsa-mir-138-2,hsa-mir-138-2,DONSON
hsa-mir-138-2,hsa-mir-138-2,LYN
hsa-mir-138-2,hsa-mir-138-2,TRIM2
hsa-mir-138-2,hsa-mir-138-2,PDK1
hsa-mir-138-2,hsa-mir-138-2,FOXC1
hsa-mir-138-2,hsa-mir-138-2,TUBB6
hsa-mir-138-2,hsa-mir-138-2,ANP32E
hsa-mir-138-2,hsa-mir-138-2,MRAS
hsa-mir-138-2,hsa-mir-138-2,PHF5A
hsa-mir-138-2,hsa-mir-138-2,TCF7L1
hsa-mir-138-2,hsa-mir-138-2,COTL1
hsa-let-7d,hsa-let-7d,CDC25A
hsa-let-7d,hsa-let-7d,SUV39H2
hsa-let-7d,hsa-let-7d,JOSD1
hsa-let-7d,hsa-let-7d,TTLL4
hsa-let-7d,hsa-let-7d,LBR
hsa-let-7d,hsa-let-7d,CDCA8
hsa-let-7d,hsa-let-7d,IGF2BP2
hsa-let-7d,hsa-let-7d,CHST3
hsa-let-7d,hsa-let-7d,CDK6
hsa-let-7d,hsa-let-7d,ST8SIA1
hsa-let-7d,hsa-let-7d,RRP1B
hsa-let-7d,hsa-let-7d,CBX2
hsa-let-7d,hsa-let-7d,CRY2
hsa-let-7d,hsa-let-7d,MSN
hsa-let-7d,hsa-let-7d,RNF8
hsa-let-7d,hsa-let-7d,ESPL1
hsa-mir-24-2,hsa-mir-24-2,TBC1D22B
hsa-mir-24-2,hsa-mir-24-2,LMNB2
hsa-mir-24-2,hsa-mir-24-2,UCK2
hsa-mir-24-2,hsa-mir-24-2,PIM1
hsa-mir-24-2,hsa-mir-24-2,FERMT1
hsa-mir-24-2,hsa-mir-24-2,NDUFAF4
hsa-mir-24-2,hsa-mir-24-2,NUF2
hsa-mir-24-2,hsa-mir-24-2,EML4
hsa-mir-24-2,hsa-mir-24-2,CRY2
hsa-mir-24-2,hsa-mir-24-2,B3GNT5
hsa-mir-24-2,hsa-mir-24-2,TSPAN33
hsa-mir-24-2,hsa-mir-24-2,DEPDC1B
hsa-mir-24-2,hsa-mir-24-2,LBR
hsa-mir-24-2,hsa-mir-24-2,RNF8
hsa-mir-24-2,hsa-mir-24-2,ATL2
hsa-mir-24-2,hsa-mir-24-2,FANCE
hsa-mir-1468,hsa-mir-1468,EML4
hsa-mir-1468,hsa-mir-1468,NMT2
hsa-mir-1468,hsa-mir-1468,JOSD1
hsa-mir-1468,hsa-mir-1468,GMPS
hsa-mir-1468,hsa-mir-1468,CHST3
hsa-mir-1468,hsa-mir-1468,CDK6
hsa-mir-1468,hsa-mir-1468,DONSON
hsa-mir-1468,hsa-mir-1468,TRIM2
hsa-mir-1468,hsa-mir-1468,UBXN2A
hsa-mir-1468,hsa-mir-1468,TUBB6
hsa-mir-1468,hsa-mir-1468,ANP32E
hsa-mir-1468,hsa-mir-1468,MRAS
hsa-mir-1468,hsa-mir-1468,IRAK1
hsa-mir-1468,hsa-mir-1468,CLCN4
hsa-mir-24-1,hsa-mir-24-1,TBC1D22B
hsa-mir-24-1,hsa-mir-24-1,LMNB2
hsa-mir-24-1,hsa-mir-24-1,UCK2
hsa-mir-24-1,hsa-mir-24-1,PIM1
hsa-mir-24-1,hsa-mir-24-1,FERMT1
hsa-mir-24-1,hsa-mir-24-1,NDUFAF4
hsa-mir-24-1,hsa-mir-24-1,NUF2
hsa-mir-24-1,hsa-mir-24-1,EML4
hsa-mir-24-1,hsa-mir-24-1,CRY2
hsa-mir-24-1,hsa-mir-24-1,B3GNT5
hsa-mir-24-1,hsa-mir-24-1,TSPAN33
hsa-mir-24-1,hsa-mir-24-1,DEPDC1B
hsa-mir-24-1,hsa-mir-24-1,LBR
hsa-mir-24-1,hsa-mir-24-1,RNF8
hsa-mir-24-1,hsa-mir-24-1,ATL2
hsa-mir-24-1,hsa-mir-24-1,FANCE
hsa-mir-452,hsa-mir-452,SHCBP1
hsa-mir-452,hsa-mir-452,E2F3
hsa-mir-452,hsa-mir-452,SMO
hsa-mir-452,hsa-mir-452,RBM28
hsa-mir-452,hsa-mir-452,MYO10
hsa-mir-452,hsa-mir-452,IGF2BP2
hsa-mir-502,hsa-mir-502,MSH2
hsa-mir-502,hsa-mir-502,ANP32E
hsa-mir-502,hsa-mir-502,CDK6
hsa-mir-18a,hsa-mir-18a,TBC1D1
hsa-mir-18a,hsa-mir-18a,EML4
hsa-mir-18a,hsa-mir-18a,NMT2
hsa-mir-18a,hsa-mir-18a,JOSD1
hsa-mir-18a,hsa-mir-18a,GPSM2
hsa-mir-18a,hsa-mir-18a,IGF2BP2
hsa-mir-18a,hsa-mir-18a,CHST3
hsa-mir-18a,hsa-mir-18a,CDK6
hsa-mir-18a,hsa-mir-18a,DONSON
hsa-mir-18a,hsa-mir-18a,TRIM2
hsa-mir-18a,hsa-mir-18a,FAM136A
hsa-mir-18a,hsa-mir-18a,ANP32E
hsa-mir-18a,hsa-mir-18a,BTG3
hsa-mir-18a,hsa-mir-18a,LMO4
hsa-mir-18a,hsa-mir-18a,MRAS
hsa-mir-18a,hsa-mir-18a,ERBB2
hsa-mir-18a,hsa-mir-18a,CLCN4
hsa-mir-766,hsa-mir-766,PIM1
hsa-mir-766,hsa-mir-766,TUBB6
hsa-mir-766,hsa-mir-766,SFT2D2
hsa-mir-766,hsa-mir-766,CRY2
hsa-mir-766,hsa-mir-766,MEMO1
hsa-mir-766,hsa-mir-766,CENPO
hsa-mir-766,hsa-mir-766,GABRP
hsa-mir-766,hsa-mir-766,GPSM2
hsa-mir-1277,hsa-mir-1277,DONSON
hsa-mir-1277,hsa-mir-1277,TRIM2
hsa-mir-1277,hsa-mir-1277,ANP32E
hsa-mir-1277,hsa-mir-1277,EML4
hsa-mir-1277,hsa-mir-1277,NMT2
hsa-mir-1277,hsa-mir-1277,JOSD1
hsa-mir-1277,hsa-mir-1277,MRAS
hsa-mir-1277,hsa-mir-1277,CHST3
hsa-mir-1277,hsa-mir-1277,CDK6
hsa-mir-19a,hsa-mir-19a,SHCBP1
hsa-mir-19a,hsa-mir-19a,CCDC82
hsa-mir-19a,hsa-mir-19a,STK38
hsa-mir-19a,hsa-mir-19a,EML4
hsa-mir-19a,hsa-mir-19a,NMT2
hsa-mir-19a,hsa-mir-19a,JOSD1
hsa-mir-19a,hsa-mir-19a,MEMO1
hsa-mir-19a,hsa-mir-19a,ATL2
hsa-mir-19a,hsa-mir-19a,RACGAP1
hsa-mir-19a,hsa-mir-19a,CCNA2
hsa-mir-19a,hsa-mir-19a,CHST3
hsa-mir-19a,hsa-mir-19a,CDK6
hsa-mir-19a,hsa-mir-19a,DONSON
hsa-mir-19a,hsa-mir-19a,TRIM2
hsa-mir-19a,hsa-mir-19a,UGT8
hsa-mir-19a,hsa-mir-19a,MASTL
hsa-mir-19a,hsa-mir-19a,RAP2B
hsa-mir-19a,hsa-mir-19a,ANP32E
hsa-mir-19a,hsa-mir-19a,MRAS
hsa-mir-19a,hsa-mir-19a,CEP55
hsa-mir-19a,hsa-mir-19a,PPARA
hsa-mir-19a,hsa-mir-19a,CHEK1
hsa-mir-186,hsa-mir-186,DEK
hsa-mir-186,hsa-mir-186,TBC1D1
hsa-mir-186,hsa-mir-186,NMT2
hsa-mir-186,hsa-mir-186,JOSD1
hsa-mir-186,hsa-mir-186,IGF2BP2
hsa-mir-186,hsa-mir-186,CDK6
hsa-mir-186,hsa-mir-186,DONSON
hsa-mir-186,hsa-mir-186,TRIM2
hsa-mir-186,hsa-mir-186,MASTL
hsa-mir-186,hsa-mir-186,ANP32E
hsa-mir-186,hsa-mir-186,MRAS
hsa-mir-186,hsa-mir-186,ERBB2
hsa-mir-186,hsa-mir-186,SOX11
hsa-mir-186,hsa-mir-186,EML4
hsa-mir-186,hsa-mir-186,GPSM2
hsa-mir-186,hsa-mir-186,CHST3
hsa-mir-186,hsa-mir-186,NASP
hsa-mir-186,hsa-mir-186,KHDRBS3
hsa-mir-186,hsa-mir-186,RSU1
hsa-mir-186,hsa-mir-186,FAM136A
hsa-mir-186,hsa-mir-186,BTG3
hsa-mir-186,hsa-mir-186,SRPK1
hsa-mir-186,hsa-mir-186,LMO4
hsa-mir-186,hsa-mir-186,SEPHS1
hsa-mir-186,hsa-mir-186,CLCN4
hsa-mir-186,hsa-mir-186,CHEK1
hsa-mir-3613,hsa-mir-3613,ST8SIA1
hsa-mir-3613,hsa-mir-3613,FOXM1
hsa-mir-3613,hsa-mir-3613,LAD1
hsa-mir-3613,hsa-mir-3613,GPR161
hsa-mir-3613,hsa-mir-3613,RNF8
hsa-mir-3613,hsa-mir-3613,MSH2
hsa-mir-197,hsa-mir-197,SHCBP1
hsa-mir-197,hsa-mir-197,CCDC82
hsa-mir-197,hsa-mir-197,STK38
hsa-mir-197,hsa-mir-197,EML4
hsa-mir-197,hsa-mir-197,NMT2
hsa-mir-197,hsa-mir-197,JOSD1
hsa-mir-197,hsa-mir-197,MEMO1
hsa-mir-197,hsa-mir-197,ATL2
hsa-mir-197,hsa-mir-197,RACGAP1
hsa-mir-197,hsa-mir-197,CCNA2
hsa-mir-197,hsa-mir-197,CHST3
hsa-mir-197,hsa-mir-197,CDK6
hsa-mir-197,hsa-mir-197,DONSON
hsa-mir-197,hsa-mir-197,TRIM2
hsa-mir-197,hsa-mir-197,UGT8
hsa-mir-197,hsa-mir-197,MASTL
hsa-mir-197,hsa-mir-197,RAP2B
hsa-mir-197,hsa-mir-197,ANP32E
hsa-mir-197,hsa-mir-197,MRAS
hsa-mir-197,hsa-mir-197,CEP55
hsa-mir-197,hsa-mir-197,PPARA
hsa-mir-197,hsa-mir-197,CHEK1
hsa-mir-33a,hsa-mir-33a,TRIM2
hsa-mir-33a,hsa-mir-33a,PIM1
hsa-mir-33a,hsa-mir-33a,XBP1
hsa-mir-33a,hsa-mir-33a,PSMG1
hsa-mir-33a,hsa-mir-33a,BAG2
hsa-mir-33a,hsa-mir-33a,RAD51
hsa-mir-33a,hsa-mir-33a,CDK6
hsa-mir-130a,hsa-mir-130a,FANCA
hsa-mir-130a,hsa-mir-130a,RASAL1
hsa-mir-130a,hsa-mir-130a,DEPDC1
hsa-mir-130a,hsa-mir-130a,EML4
hsa-mir-130a,hsa-mir-130a,NMT2
hsa-mir-130a,hsa-mir-130a,JOSD1
hsa-mir-130a,hsa-mir-130a,MEMO1
hsa-mir-130a,hsa-mir-130a,LBR
hsa-mir-130a,hsa-mir-130a,PRKD3
hsa-mir-130a,hsa-mir-130a,RACGAP1
hsa-mir-130a,hsa-mir-130a,CCNA2
hsa-mir-130a,hsa-mir-130a,CHST3
hsa-mir-130a,hsa-mir-130a,CDK6
hsa-mir-130a,hsa-mir-130a,DONSON
hsa-mir-130a,hsa-mir-130a,TRIM2
hsa-mir-130a,hsa-mir-130a,UGT8
hsa-mir-130a,hsa-mir-130a,PRNP
hsa-mir-130a,hsa-mir-130a,RBM17
hsa-mir-130a,hsa-mir-130a,ANP32E
hsa-mir-130a,hsa-mir-130a,MRAS
hsa-mir-130a,hsa-mir-130a,CENPO
hsa-mir-130a,hsa-mir-130a,RUNDC1
hsa-mir-130a,hsa-mir-130a,MYO10
hsa-mir-130a,hsa-mir-130a,CEP55
hsa-mir-130a,hsa-mir-130a,CLCN4
hsa-mir-130a,hsa-mir-130a,MPP6
hsa-mir-130a,hsa-mir-130a,SERBP1
hsa-mir-548d-1,hsa-mir-548d-1,LPIN1
hsa-mir-548d-1,hsa-mir-548d-1,IFRD1
hsa-mir-548d-1,hsa-mir-548d-1,DEK
hsa-mir-548d-1,hsa-mir-548d-1,E2F3
hsa-mir-548d-1,hsa-mir-548d-1,USP6NL
hsa-mir-548d-1,hsa-mir-548d-1,CCDC82
hsa-mir-548d-1,hsa-mir-548d-1,PSAT1
hsa-mir-548d-1,hsa-mir-548d-1,GLIPR2
hsa-mir-548d-1,hsa-mir-548d-1,PPP1CB
hsa-mir-548d-1,hsa-mir-548d-1,TUBB
hsa-mir-548d-1,hsa-mir-548d-1,LBR
hsa-mir-548d-1,hsa-mir-548d-1,PSME4
hsa-mir-548d-1,hsa-mir-548d-1,ATL2
hsa-mir-548d-1,hsa-mir-548d-1,CCNA2
hsa-mir-548d-1,hsa-mir-548d-1,TBC1D22B
hsa-mir-548d-1,hsa-mir-548d-1,RIPK2
hsa-mir-548d-1,hsa-mir-548d-1,TRIM2
hsa-mir-548d-1,hsa-mir-548d-1,LMO4
hsa-mir-548d-1,hsa-mir-548d-1,MSN
hsa-mir-548d-1,hsa-mir-548d-1,TIGD2
hsa-mir-548d-1,hsa-mir-548d-1,SEPHS1
hsa-mir-548d-1,hsa-mir-548d-1,GPR161
hsa-mir-548d-1,hsa-mir-548d-1,ANLN
hsa-mir-548d-1,hsa-mir-548d-1,SCHIP1
hsa-mir-548d-1,hsa-mir-548d-1,NIP7
hsa-mir-100,hsa-mir-100,E2F3
hsa-mir-100,hsa-mir-100,EML4
hsa-mir-100,hsa-mir-100,NMT2
hsa-mir-100,hsa-mir-100,JOSD1
hsa-mir-100,hsa-mir-100,GMPS
hsa-mir-100,hsa-mir-100,PPP1CB
hsa-mir-100,hsa-mir-100,GATA3
hsa-mir-100,hsa-mir-100,CHST3
hsa-mir-100,hsa-mir-100,CDK6
hsa-mir-100,hsa-mir-100,DONSON
hsa-mir-100,hsa-mir-100,TBC1D22B
hsa-mir-100,hsa-mir-100,ST8SIA1
hsa-mir-100,hsa-mir-100,TRIM2
hsa-mir-100,hsa-mir-100,ANP32E
hsa-mir-100,hsa-mir-100,MRAS
hsa-mir-421,hsa-mir-421,ILF2
hsa-mir-421,hsa-mir-421,CDCA7
hsa-mir-421,hsa-mir-421,NXN
hsa-mir-421,hsa-mir-421,SEPHS1
hsa-mir-421,hsa-mir-421,TUBB
hsa-mir-421,hsa-mir-421,CENPO
hsa-mir-421,hsa-mir-421,RNF8
hsa-mir-421,hsa-mir-421,CEP55
hsa-mir-421,hsa-mir-421,YBX1
hsa-mir-421,hsa-mir-421,MELK
hsa-mir-185,hsa-mir-185,YARS
hsa-mir-185,hsa-mir-185,KIAA0141
hsa-mir-185,hsa-mir-185,PADI2
hsa-mir-185,hsa-mir-185,TBC1D1
hsa-mir-185,hsa-mir-185,EML4
hsa-mir-185,hsa-mir-185,NMT2
hsa-mir-185,hsa-mir-185,JOSD1
hsa-mir-185,hsa-mir-185,SMG5
hsa-mir-185,hsa-mir-185,TBX19
hsa-mir-185,hsa-mir-185,GPSM2
hsa-mir-185,hsa-mir-185,IGF2BP2
hsa-mir-185,hsa-mir-185,CHST3
hsa-mir-185,hsa-mir-185,CDK6
hsa-mir-185,hsa-mir-185,DONSON
hsa-mir-185,hsa-mir-185,TRIM2
hsa-mir-185,hsa-mir-185,MASTL
hsa-mir-185,hsa-mir-185,RSU1
hsa-mir-185,hsa-mir-185,FAM136A
hsa-mir-185,hsa-mir-185,ANP32E
hsa-mir-185,hsa-mir-185,BTG3
hsa-mir-185,hsa-mir-185,LMO4
hsa-mir-185,hsa-mir-185,MRAS
hsa-mir-185,hsa-mir-185,ERBB2
hsa-mir-185,hsa-mir-185,CLCN4
hsa-mir-27a,hsa-mir-27a,LPIN1
hsa-mir-27a,hsa-mir-27a,GLIPR2
hsa-mir-27a,hsa-mir-27a,JOSD1
hsa-mir-27a,hsa-mir-27a,GMPS
hsa-mir-27a,hsa-mir-27a,GATA3
hsa-mir-27a,hsa-mir-27a,DEPDC1B
hsa-mir-27a,hsa-mir-27a,PDXK
hsa-mir-27a,hsa-mir-27a,FAM98A
hsa-mir-27a,hsa-mir-27a,CCNA2
hsa-mir-27a,hsa-mir-27a,CDK6
hsa-mir-27a,hsa-mir-27a,ST8SIA1
hsa-mir-27a,hsa-mir-27a,PDK1
hsa-mir-27a,hsa-mir-27a,UGT8
hsa-mir-27a,hsa-mir-27a,UBXN2A
hsa-mir-27a,hsa-mir-27a,RAP2B
hsa-mir-27a,hsa-mir-27a,MSN
hsa-mir-27a,hsa-mir-27a,MPP6
hsa-mir-27a,hsa-mir-27a,NIP7
hsa-mir-27a,hsa-mir-27a,SOX11
hsa-mir-27a,hsa-mir-27a,GABRP
hsa-mir-27a,hsa-mir-27a,SERBP1
hsa-mir-7706,hsa-mir-7706,PIM1
hsa-mir-7706,hsa-mir-7706,TUBB6
hsa-mir-7706,hsa-mir-7706,SFT2D2
hsa-mir-7706,hsa-mir-7706,CRY2
hsa-mir-7706,hsa-mir-7706,MEMO1
hsa-mir-7706,hsa-mir-7706,CENPO
hsa-mir-7706,hsa-mir-7706,GABRP
hsa-mir-7706,hsa-mir-7706,GPSM2
hsa-mir-1306,hsa-mir-1306,KIAA0141
hsa-mir-1306,hsa-mir-1306,FANCA
hsa-mir-1306,hsa-mir-1306,RASAL1
hsa-mir-1306,hsa-mir-1306,DEPDC1
hsa-mir-1306,hsa-mir-1306,GLIPR2
hsa-mir-1306,hsa-mir-1306,EML4
hsa-mir-1306,hsa-mir-1306,NMT2
hsa-mir-1306,hsa-mir-1306,JOSD1
hsa-mir-1306,hsa-mir-1306,MEMO1
hsa-mir-1306,hsa-mir-1306,LBR
hsa-mir-1306,hsa-mir-1306,PRKD3
hsa-mir-1306,hsa-mir-1306,RACGAP1
hsa-mir-1306,hsa-mir-1306,CCNA2
hsa-mir-1306,hsa-mir-1306,CHST3
hsa-mir-1306,hsa-mir-1306,CDK6
hsa-mir-1306,hsa-mir-1306,DONSON
hsa-mir-1306,hsa-mir-1306,TRIM2
hsa-mir-1306,hsa-mir-1306,UGT8
hsa-mir-1306,hsa-mir-1306,PRNP
hsa-mir-1306,hsa-mir-1306,RBM17
hsa-mir-1306,hsa-mir-1306,TUBB6
hsa-mir-1306,hsa-mir-1306,ANP32E
hsa-mir-1306,hsa-mir-1306,GPR161
hsa-mir-1306,hsa-mir-1306,MRAS
hsa-mir-1306,hsa-mir-1306,CENPO
hsa-mir-1306,hsa-mir-1306,RUNDC1
hsa-mir-1306,hsa-mir-1306,MYO10
hsa-mir-1306,hsa-mir-1306,CEP55
hsa-mir-1306,hsa-mir-1306,CLCN4
hsa-mir-1306,hsa-mir-1306,MPP6
hsa-mir-1306,hsa-mir-1306,SERBP1
hsa-mir-3200,hsa-mir-3200,EZH2
hsa-mir-3200,hsa-mir-3200,KIAA0141
hsa-mir-3200,hsa-mir-3200,SHCBP1
hsa-mir-3200,hsa-mir-3200,DSC2
hsa-mir-3200,hsa-mir-3200,E2F3
hsa-mir-3200,hsa-mir-3200,EXO1
hsa-mir-3200,hsa-mir-3200,JOSD1
hsa-mir-3200,hsa-mir-3200,FOXM1
hsa-mir-3200,hsa-mir-3200,PPP1CB
hsa-mir-3200,hsa-mir-3200,KIF14
hsa-mir-3200,hsa-mir-3200,RAD51
hsa-mir-3200,hsa-mir-3200,CENPF
hsa-mir-3200,hsa-mir-3200,CDK6
hsa-mir-3200,hsa-mir-3200,RRP1B
hsa-mir-3200,hsa-mir-3200,MASTL
hsa-mir-3200,hsa-mir-3200,XBP1
hsa-mir-3200,hsa-mir-3200,RSU1
hsa-mir-3200,hsa-mir-3200,RAP2B
hsa-mir-3200,hsa-mir-3200,NDUFAF4
hsa-mir-3200,hsa-mir-3200,ANP32E
hsa-mir-3200,hsa-mir-3200,KIF20A
hsa-mir-3200,hsa-mir-3200,RUNDC1
hsa-mir-3200,hsa-mir-3200,MYO10
hsa-mir-3200,hsa-mir-3200,SOX11
hsa-mir-3200,hsa-mir-3200,GABRP
hsa-mir-3200,hsa-mir-3200,SERBP1
hsa-mir-3200,hsa-mir-3200,CHEK1
hsa-mir-223,hsa-mir-223,PADI2
hsa-mir-223,hsa-mir-223,TBC1D1
hsa-mir-223,hsa-mir-223,USP6NL
hsa-mir-223,hsa-mir-223,GLIPR2
hsa-mir-223,hsa-mir-223,CDC25A
hsa-mir-223,hsa-mir-223,CDCA8
hsa-mir-223,hsa-mir-223,ATL2
hsa-mir-223,hsa-mir-223,FAM98A
hsa-mir-223,hsa-mir-223,KIF4A
hsa-mir-223,hsa-mir-223,GPM6B
hsa-mir-223,hsa-mir-223,TUBB6
hsa-mir-223,hsa-mir-223,RSU1
hsa-mir-223,hsa-mir-223,RAP2B
hsa-mir-223,hsa-mir-223,FAM136A
hsa-mir-223,hsa-mir-223,ENO1
hsa-mir-223,hsa-mir-223,SEPHS1
hsa-mir-223,hsa-mir-223,GPR161
hsa-mir-223,hsa-mir-223,RUNDC1
hsa-mir-223,hsa-mir-223,RNF8
hsa-mir-223,hsa-mir-223,SOX11
hsa-mir-942,hsa-mir-942,GLIPR2
hsa-mir-942,hsa-mir-942,CDC25A
hsa-mir-942,hsa-mir-942,NMT2
hsa-mir-942,hsa-mir-942,MTHFD1L
hsa-mir-942,hsa-mir-942,STMN1
hsa-mir-942,hsa-mir-942,ATL2
hsa-mir-942,hsa-mir-942,RAD51
hsa-mir-942,hsa-mir-942,CENPF
hsa-mir-942,hsa-mir-942,EN1
hsa-mir-942,hsa-mir-942,IGF2BP2
hsa-mir-942,hsa-mir-942,NCAPG
hsa-mir-942,hsa-mir-942,L3MBTL4
hsa-mir-942,hsa-mir-942,TRIM2
hsa-mir-942,hsa-mir-942,MICALL1
hsa-mir-942,hsa-mir-942,FAM136A
hsa-mir-942,hsa-mir-942,SRPK1
hsa-mir-942,hsa-mir-942,HDAC2
hsa-mir-942,hsa-mir-942,RUNDC1
hsa-mir-942,hsa-mir-942,MYO10
hsa-mir-942,hsa-mir-942,PPARA
hsa-mir-942,hsa-mir-942,CLCN4
hsa-mir-942,hsa-mir-942,SERBP1
hsa-mir-942,hsa-mir-942,OIP5
hsa-mir-548ao,hsa-mir-548ao,LPIN1
hsa-mir-548ao,hsa-mir-548ao,IFRD1
hsa-mir-548ao,hsa-mir-548ao,DEK
hsa-mir-548ao,hsa-mir-548ao,E2F3
hsa-mir-548ao,hsa-mir-548ao,USP6NL
hsa-mir-548ao,hsa-mir-548ao,CCDC82
hsa-mir-548ao,hsa-mir-548ao,PSAT1
hsa-mir-548ao,hsa-mir-548ao,GLIPR2
hsa-mir-548ao,hsa-mir-548ao,PPP1CB
hsa-mir-548ao,hsa-mir-548ao,TUBB
hsa-mir-548ao,hsa-mir-548ao,LBR
hsa-mir-548ao,hsa-mir-548ao,PSME4
hsa-mir-548ao,hsa-mir-548ao,ATL2
hsa-mir-548ao,hsa-mir-548ao,CCNA2
hsa-mir-548ao,hsa-mir-548ao,TBC1D22B
hsa-mir-548ao,hsa-mir-548ao,RIPK2
hsa-mir-548ao,hsa-mir-548ao,TRIM2
hsa-mir-548ao,hsa-mir-548ao,LMO4
hsa-mir-548ao,hsa-mir-548ao,MSN
hsa-mir-548ao,hsa-mir-548ao,TIGD2
hsa-mir-548ao,hsa-mir-548ao,SEPHS1
hsa-mir-548ao,hsa-mir-548ao,GPR161
hsa-mir-548ao,hsa-mir-548ao,ANLN
hsa-mir-548ao,hsa-mir-548ao,SCHIP1
hsa-mir-548ao,hsa-mir-548ao,NIP7
hsa-mir-324,hsa-mir-324,EZH2
hsa-mir-324,hsa-mir-324,FANCA
hsa-mir-324,hsa-mir-324,SHCBP1
hsa-mir-324,hsa-mir-324,DSC2
hsa-mir-324,hsa-mir-324,E2F3
hsa-mir-324,hsa-mir-324,USP6NL
hsa-mir-324,hsa-mir-324,JOSD1
hsa-mir-324,hsa-mir-324,MEMO1
hsa-mir-324,hsa-mir-324,CENPF
hsa-mir-324,hsa-mir-324,XBP1
hsa-mir-324,hsa-mir-324,ANP32E
hsa-mir-324,hsa-mir-324,SEPHS1
hsa-mir-324,hsa-mir-324,MYO10
hsa-mir-324,hsa-mir-324,CLCN4
hsa-mir-324,hsa-mir-324,SOX11
hsa-mir-455,hsa-mir-455,NMT2
hsa-mir-455,hsa-mir-455,MTHFD1L
hsa-mir-455,hsa-mir-455,JOSD1
hsa-mir-455,hsa-mir-455,PPP1CB
hsa-mir-455,hsa-mir-455,TUBB
hsa-mir-455,hsa-mir-455,MEMO1
hsa-mir-455,hsa-mir-455,YBX1
hsa-mir-455,hsa-mir-455,IGF2BP2
hsa-mir-455,hsa-mir-455,FAM136A
hsa-mir-455,hsa-mir-455,LMO4
hsa-mir-455,hsa-mir-455,HDAC2
hsa-mir-455,hsa-mir-455,TTK
hsa-mir-455,hsa-mir-455,TCF7L1
hsa-mir-455,hsa-mir-455,MPP6
hsa-mir-455,hsa-mir-455,SOX11
hsa-mir-455,hsa-mir-455,CHEK1
hsa-mir-455,hsa-mir-455,XPO5
hsa-mir-2277,hsa-mir-2277,PADI2
hsa-mir-2277,hsa-mir-2277,TBC1D1
hsa-mir-2277,hsa-mir-2277,TUBB6
hsa-mir-2277,hsa-mir-2277,RSU1
hsa-mir-2277,hsa-mir-2277,RAP2B
hsa-mir-2277,hsa-mir-2277,GLIPR2
hsa-mir-2277,hsa-mir-2277,FAM136A
hsa-mir-2277,hsa-mir-2277,ENO1
hsa-mir-2277,hsa-mir-2277,SEPHS1
hsa-mir-2277,hsa-mir-2277,GPR161
hsa-mir-2277,hsa-mir-2277,RNF8
hsa-mir-2277,hsa-mir-2277,CDCA8
hsa-mir-190b,hsa-mir-190b,SHCBP1
hsa-mir-190b,hsa-mir-190b,CCDC82
hsa-mir-190b,hsa-mir-190b,NMT2
hsa-mir-190b,hsa-mir-190b,JOSD1
hsa-mir-190b,hsa-mir-190b,CCNA2
hsa-mir-190b,hsa-mir-190b,CDK6
hsa-mir-190b,hsa-mir-190b,DONSON
hsa-mir-190b,hsa-mir-190b,TRIM2
hsa-mir-190b,hsa-mir-190b,MASTL
hsa-mir-190b,hsa-mir-190b,ANP32E
hsa-mir-190b,hsa-mir-190b,MRAS
hsa-mir-190b,hsa-mir-190b,CEP55
hsa-mir-190b,hsa-mir-190b,PPARA
hsa-mir-190b,hsa-mir-190b,YARS
hsa-mir-190b,hsa-mir-190b,STK38
hsa-mir-190b,hsa-mir-190b,EML4
hsa-mir-190b,hsa-mir-190b,MEMO1
hsa-mir-190b,hsa-mir-190b,ATL2
hsa-mir-190b,hsa-mir-190b,RACGAP1
hsa-mir-190b,hsa-mir-190b,CHST3
hsa-mir-190b,hsa-mir-190b,UGT8
hsa-mir-190b,hsa-mir-190b,RAP2B
hsa-mir-190b,hsa-mir-190b,MPP6
hsa-mir-190b,hsa-mir-190b,CHEK1
hsa-mir-1301,hsa-mir-1301,FANCA
hsa-mir-1301,hsa-mir-1301,RASAL1
hsa-mir-1301,hsa-mir-1301,DEPDC1
hsa-mir-1301,hsa-mir-1301,EML4
hsa-mir-1301,hsa-mir-1301,NMT2
hsa-mir-1301,hsa-mir-1301,JOSD1
hsa-mir-1301,hsa-mir-1301,MEMO1
hsa-mir-1301,hsa-mir-1301,LBR
hsa-mir-1301,hsa-mir-1301,PRKD3
hsa-mir-1301,hsa-mir-1301,RACGAP1
hsa-mir-1301,hsa-mir-1301,CCNA2
hsa-mir-1301,hsa-mir-1301,CHST3
hsa-mir-1301,hsa-mir-1301,CDK6
hsa-mir-1301,hsa-mir-1301,DONSON
hsa-mir-1301,hsa-mir-1301,TRIM2
hsa-mir-1301,hsa-mir-1301,UGT8
hsa-mir-1301,hsa-mir-1301,PRNP
hsa-mir-1301,hsa-mir-1301,RBM17
hsa-mir-1301,hsa-mir-1301,ANP32E
hsa-mir-1301,hsa-mir-1301,MRAS
hsa-mir-1301,hsa-mir-1301,CENPO
hsa-mir-1301,hsa-mir-1301,RUNDC1
hsa-mir-1301,hsa-mir-1301,MYO10
hsa-mir-1301,hsa-mir-1301,CEP55
hsa-mir-1301,hsa-mir-1301,CLCN4
hsa-mir-1301,hsa-mir-1301,MPP6
hsa-mir-1301,hsa-mir-1301,SERBP1
hsa-mir-454,hsa-mir-454,FANCA
hsa-mir-454,hsa-mir-454,RASAL1
hsa-mir-454,hsa-mir-454,DEPDC1
hsa-mir-454,hsa-mir-454,MEMO1
hsa-mir-454,hsa-mir-454,LBR
hsa-mir-454,hsa-mir-454,PRKD3
hsa-mir-454,hsa-mir-454,RACGAP1
hsa-mir-454,hsa-mir-454,CCNA2
hsa-mir-454,hsa-mir-454,TRIM2
hsa-mir-454,hsa-mir-454,UGT8
hsa-mir-454,hsa-mir-454,PRNP
hsa-mir-454,hsa-mir-454,RBM17
hsa-mir-454,hsa-mir-454,CENPO
hsa-mir-454,hsa-mir-454,RUNDC1
hsa-mir-454,hsa-mir-454,MYO10
hsa-mir-454,hsa-mir-454,CEP55
hsa-mir-454,hsa-mir-454,CLCN4
hsa-mir-454,hsa-mir-454,MPP6
hsa-mir-454,hsa-mir-454,SERBP1
hsa-mir-500b,hsa-mir-500b,LPIN1
hsa-mir-500b,hsa-mir-500b,UBE2E3
hsa-mir-500b,hsa-mir-500b,MTHFD1L
hsa-mir-188,hsa-mir-188,TBC1D1
hsa-mir-188,hsa-mir-188,EML4
hsa-mir-188,hsa-mir-188,NMT2
hsa-mir-188,hsa-mir-188,JOSD1
hsa-mir-188,hsa-mir-188,GPSM2
hsa-mir-188,hsa-mir-188,IGF2BP2
hsa-mir-188,hsa-mir-188,CHST3
hsa-mir-188,hsa-mir-188,CDK6
hsa-mir-188,hsa-mir-188,DONSON
hsa-mir-188,hsa-mir-188,TRIM2
hsa-mir-188,hsa-mir-188,FAM136A
hsa-mir-188,hsa-mir-188,ANP32E
hsa-mir-188,hsa-mir-188,BTG3
hsa-mir-188,hsa-mir-188,LMO4
hsa-mir-188,hsa-mir-188,MRAS
hsa-mir-188,hsa-mir-188,ERBB2
hsa-mir-188,hsa-mir-188,CLCN4
hsa-mir-28,hsa-mir-28,CDCA2
hsa-mir-28,hsa-mir-28,CBX2
hsa-mir-28,hsa-mir-28,CENPL
hsa-mir-28,hsa-mir-28,MEMO1
hsa-mir-28,hsa-mir-28,JRKL
hsa-mir-28,hsa-mir-28,UBE2T
hsa-mir-28,hsa-mir-28,CDK6
hsa-mir-20a,hsa-mir-20a,E2F3
hsa-mir-20a,hsa-mir-20a,STK38
hsa-mir-20a,hsa-mir-20a,CDCA3
hsa-mir-20a,hsa-mir-20a,TROAP
hsa-mir-20a,hsa-mir-20a,CDCA7
hsa-mir-20a,hsa-mir-20a,JOSD1
hsa-mir-20a,hsa-mir-20a,FOXA1
hsa-mir-20a,hsa-mir-20a,RACGAP1
hsa-mir-20a,hsa-mir-20a,CDK6
hsa-mir-20a,hsa-mir-20a,LYN
hsa-mir-20a,hsa-mir-20a,MASTL
hsa-mir-20a,hsa-mir-20a,PFKP
hsa-mir-20a,hsa-mir-20a,UBXN2A
hsa-mir-20a,hsa-mir-20a,KIF23
hsa-mir-20a,hsa-mir-20a,MCM3
hsa-mir-20a,hsa-mir-20a,BTG3
hsa-mir-20a,hsa-mir-20a,CRY2
hsa-mir-20a,hsa-mir-20a,BAG2
hsa-mir-20a,hsa-mir-20a,SEPHS1
hsa-mir-20a,hsa-mir-20a,CENPO
hsa-mir-20a,hsa-mir-20a,RUNDC1
hsa-mir-20a,hsa-mir-20a,PPARA
hsa-mir-20a,hsa-mir-20a,TCF7L1
hsa-mir-106b,hsa-mir-106b,NMT2
hsa-mir-106b,hsa-mir-106b,CDCA7
hsa-mir-106b,hsa-mir-106b,JOSD1
hsa-mir-106b,hsa-mir-106b,FOXA1
hsa-mir-106b,hsa-mir-106b,CDK6
hsa-mir-106b,hsa-mir-106b,DONSON
hsa-mir-106b,hsa-mir-106b,TBC1D22B
hsa-mir-106b,hsa-mir-106b,ST8SIA1
hsa-mir-106b,hsa-mir-106b,TRIM2
hsa-mir-106b,hsa-mir-106b,MASTL
hsa-mir-106b,hsa-mir-106b,ANP32E
hsa-mir-106b,hsa-mir-106b,MCM3
hsa-mir-106b,hsa-mir-106b,CRY2
hsa-mir-106b,hsa-mir-106b,MRAS
hsa-mir-106b,hsa-mir-106b,PPARA
hsa-mir-106b,hsa-mir-106b,E2F3
hsa-mir-106b,hsa-mir-106b,STK38
hsa-mir-106b,hsa-mir-106b,CDCA3
hsa-mir-106b,hsa-mir-106b,EML4
hsa-mir-106b,hsa-mir-106b,TROAP
hsa-mir-106b,hsa-mir-106b,GATA3
hsa-mir-106b,hsa-mir-106b,RACGAP1
hsa-mir-106b,hsa-mir-106b,CHST3
hsa-mir-106b,hsa-mir-106b,LYN
hsa-mir-106b,hsa-mir-106b,PFKP
hsa-mir-106b,hsa-mir-106b,UBXN2A
hsa-mir-106b,hsa-mir-106b,KIF23
hsa-mir-106b,hsa-mir-106b,BTG3
hsa-mir-106b,hsa-mir-106b,BAG2
hsa-mir-106b,hsa-mir-106b,SEPHS1
hsa-mir-106b,hsa-mir-106b,CENPO
hsa-mir-106b,hsa-mir-106b,RUNDC1
hsa-mir-106b,hsa-mir-106b,TCF7L1
hsa-mir-1276,hsa-mir-1276,DONSON
hsa-mir-1276,hsa-mir-1276,TRIM2
hsa-mir-1276,hsa-mir-1276,ANP32E
hsa-mir-1276,hsa-mir-1276,EML4
hsa-mir-1276,hsa-mir-1276,NMT2
hsa-mir-1276,hsa-mir-1276,JOSD1
hsa-mir-1276,hsa-mir-1276,MRAS
hsa-mir-1276,hsa-mir-1276,CHST3
hsa-mir-1276,hsa-mir-1276,CDK6
hsa-mir-505,hsa-mir-505,ST8SIA1
hsa-mir-505,hsa-mir-505,RAP2B
hsa-mir-505,hsa-mir-505,ILF2
hsa-mir-505,hsa-mir-505,CDCA7
hsa-mir-505,hsa-mir-505,NXN
hsa-mir-505,hsa-mir-505,TUBB
hsa-mir-505,hsa-mir-505,STMN1
hsa-mir-505,hsa-mir-505,TSPAN33
hsa-mir-505,hsa-mir-505,GATA3
hsa-mir-505,hsa-mir-505,CENPO
hsa-mir-505,hsa-mir-505,PSMB2
hsa-mir-505,hsa-mir-505,YBX1
hsa-mir-505,hsa-mir-505,SCHIP1
hsa-mir-505,hsa-mir-505,PDXK
hsa-mir-505,hsa-mir-505,MELK
hsa-mir-505,hsa-mir-505,CHEK1
hsa-mir-505,hsa-mir-505,CDK6
hsa-mir-19b-1,hsa-mir-19b-1,SHCBP1
hsa-mir-19b-1,hsa-mir-19b-1,CCDC82
hsa-mir-19b-1,hsa-mir-19b-1,STK38
hsa-mir-19b-1,hsa-mir-19b-1,EML4
hsa-mir-19b-1,hsa-mir-19b-1,NMT2
hsa-mir-19b-1,hsa-mir-19b-1,JOSD1
hsa-mir-19b-1,hsa-mir-19b-1,MEMO1
hsa-mir-19b-1,hsa-mir-19b-1,ATL2
hsa-mir-19b-1,hsa-mir-19b-1,RACGAP1
hsa-mir-19b-1,hsa-mir-19b-1,CCNA2
hsa-mir-19b-1,hsa-mir-19b-1,CHST3
hsa-mir-19b-1,hsa-mir-19b-1,CDK6
hsa-mir-19b-1,hsa-mir-19b-1,DONSON
hsa-mir-19b-1,hsa-mir-19b-1,TRIM2
hsa-mir-19b-1,hsa-mir-19b-1,UGT8
hsa-mir-19b-1,hsa-mir-19b-1,MASTL
hsa-mir-19b-1,hsa-mir-19b-1,RAP2B
hsa-mir-19b-1,hsa-mir-19b-1,ANP32E
hsa-mir-19b-1,hsa-mir-19b-1,MRAS
hsa-mir-19b-1,hsa-mir-19b-1,CEP55
hsa-mir-19b-1,hsa-mir-19b-1,PPARA
hsa-mir-19b-1,hsa-mir-19b-1,CHEK1
hsa-mir-301a,hsa-mir-301a,FANCA
hsa-mir-301a,hsa-mir-301a,SLC22A5
hsa-mir-301a,hsa-mir-301a,NMT2
hsa-mir-301a,hsa-mir-301a,CDCA7
hsa-mir-301a,hsa-mir-301a,JOSD1
hsa-mir-301a,hsa-mir-301a,TSPAN33
hsa-mir-301a,hsa-mir-301a,LBR
hsa-mir-301a,hsa-mir-301a,PRKD3
hsa-mir-301a,hsa-mir-301a,YBX1
hsa-mir-301a,hsa-mir-301a,FOXA1
hsa-mir-301a,hsa-mir-301a,CCNA2
hsa-mir-301a,hsa-mir-301a,ST8SIA1
hsa-mir-301a,hsa-mir-301a,TRIM2
hsa-mir-301a,hsa-mir-301a,PRNP
hsa-mir-301a,hsa-mir-301a,IFNAR2
hsa-mir-301a,hsa-mir-301a,CBX2
hsa-mir-301a,hsa-mir-301a,CRY2
hsa-mir-301a,hsa-mir-301a,B3GNT5
hsa-mir-301a,hsa-mir-301a,SKP2
hsa-mir-301a,hsa-mir-301a,MYO10
hsa-mir-301a,hsa-mir-301a,CEP55
hsa-mir-301a,hsa-mir-301a,ANKRA2
hsa-mir-301a,hsa-mir-301a,RASAL1
hsa-mir-301a,hsa-mir-301a,DEPDC1
hsa-mir-301a,hsa-mir-301a,DSC2
hsa-mir-301a,hsa-mir-301a,E2F3
hsa-mir-301a,hsa-mir-301a,EML4
hsa-mir-301a,hsa-mir-301a,MTHFD1L
hsa-mir-301a,hsa-mir-301a,DBF4
hsa-mir-301a,hsa-mir-301a,MEMO1
hsa-mir-301a,hsa-mir-301a,ATL2
hsa-mir-301a,hsa-mir-301a,RACGAP1
hsa-mir-301a,hsa-mir-301a,LYN
hsa-mir-301a,hsa-mir-301a,UGT8
hsa-mir-301a,hsa-mir-301a,RBM17
hsa-mir-301a,hsa-mir-301a,UBXN2A
hsa-mir-301a,hsa-mir-301a,PPP1R14C
hsa-mir-301a,hsa-mir-301a,RAP2B
hsa-mir-301a,hsa-mir-301a,SEPHS1
hsa-mir-301a,hsa-mir-301a,CENPO
hsa-mir-301a,hsa-mir-301a,RUNDC1
hsa-mir-301a,hsa-mir-301a,CLCN4
hsa-mir-301a,hsa-mir-301a,MPP6
hsa-mir-301a,hsa-mir-301a,SERBP1
hsa-mir-301a,hsa-mir-301a,COTL1
hsa-mir-548d-2,hsa-mir-548d-2,LPIN1
hsa-mir-548d-2,hsa-mir-548d-2,IFRD1
hsa-mir-548d-2,hsa-mir-548d-2,DEK
hsa-mir-548d-2,hsa-mir-548d-2,E2F3
hsa-mir-548d-2,hsa-mir-548d-2,USP6NL
hsa-mir-548d-2,hsa-mir-548d-2,CCDC82
hsa-mir-548d-2,hsa-mir-548d-2,PSAT1
hsa-mir-548d-2,hsa-mir-548d-2,GLIPR2
hsa-mir-548d-2,hsa-mir-548d-2,PPP1CB
hsa-mir-548d-2,hsa-mir-548d-2,TUBB
hsa-mir-548d-2,hsa-mir-548d-2,LBR
hsa-mir-548d-2,hsa-mir-548d-2,PSME4
hsa-mir-548d-2,hsa-mir-548d-2,ATL2
hsa-mir-548d-2,hsa-mir-548d-2,CCNA2
hsa-mir-548d-2,hsa-mir-548d-2,TBC1D22B
hsa-mir-548d-2,hsa-mir-548d-2,RIPK2
hsa-mir-548d-2,hsa-mir-548d-2,TRIM2
hsa-mir-548d-2,hsa-mir-548d-2,LMO4
hsa-mir-548d-2,hsa-mir-548d-2,MSN
hsa-mir-548d-2,hsa-mir-548d-2,TIGD2
hsa-mir-548d-2,hsa-mir-548d-2,SEPHS1
hsa-mir-548d-2,hsa-mir-548d-2,GPR161
hsa-mir-548d-2,hsa-mir-548d-2,ANLN
hsa-mir-548d-2,hsa-mir-548d-2,SCHIP1
hsa-mir-548d-2,hsa-mir-548d-2,NIP7
hsa-mir-98,hsa-mir-98,GLIPR2
hsa-mir-98,hsa-mir-98,NMT2
hsa-mir-98,hsa-mir-98,JOSD1
hsa-mir-98,hsa-mir-98,TTLL4
hsa-mir-98,hsa-mir-98,LBR
hsa-mir-98,hsa-mir-98,CENPF
hsa-mir-98,hsa-mir-98,EN1
hsa-mir-98,hsa-mir-98,IGF2BP2
hsa-mir-98,hsa-mir-98,CDK6
hsa-mir-98,hsa-mir-98,L3MBTL4
hsa-mir-98,hsa-mir-98,ST8SIA1
hsa-mir-98,hsa-mir-98,TRIM2
hsa-mir-98,hsa-mir-98,CBX2
hsa-mir-98,hsa-mir-98,CRY2
hsa-mir-98,hsa-mir-98,MSN
hsa-mir-98,hsa-mir-98,RNF8
hsa-mir-98,hsa-mir-98,MYO10
hsa-mir-98,hsa-mir-98,PPARA
hsa-mir-98,hsa-mir-98,ESPL1
hsa-mir-98,hsa-mir-98,CDC25A
hsa-mir-98,hsa-mir-98,SUV39H2
hsa-mir-98,hsa-mir-98,MTHFD1L
hsa-mir-98,hsa-mir-98,STMN1
hsa-mir-98,hsa-mir-98,CDCA8
hsa-mir-98,hsa-mir-98,ATL2
hsa-mir-98,hsa-mir-98,RAD51
hsa-mir-98,hsa-mir-98,CHST3
hsa-mir-98,hsa-mir-98,NCAPG
hsa-mir-98,hsa-mir-98,RRP1B
hsa-mir-98,hsa-mir-98,MICALL1
hsa-mir-98,hsa-mir-98,FAM136A
hsa-mir-98,hsa-mir-98,SRPK1
hsa-mir-98,hsa-mir-98,HDAC2
hsa-mir-98,hsa-mir-98,RUNDC1
hsa-mir-98,hsa-mir-98,CLCN4
hsa-mir-98,hsa-mir-98,SERBP1
hsa-mir-98,hsa-mir-98,OIP5
hsa-mir-146a,hsa-mir-146a,EML4
hsa-mir-146a,hsa-mir-146a,NMT2
hsa-mir-146a,hsa-mir-146a,JOSD1
hsa-mir-146a,hsa-mir-146a,GMPS
hsa-mir-146a,hsa-mir-146a,CHST3
hsa-mir-146a,hsa-mir-146a,CDK6
hsa-mir-146a,hsa-mir-146a,DONSON
hsa-mir-146a,hsa-mir-146a,TRIM2
hsa-mir-146a,hsa-mir-146a,UBXN2A
hsa-mir-146a,hsa-mir-146a,TUBB6
hsa-mir-146a,hsa-mir-146a,ANP32E
hsa-mir-146a,hsa-mir-146a,MRAS
hsa-mir-146a,hsa-mir-146a,IRAK1
hsa-mir-146a,hsa-mir-146a,CLCN4
hsa-mir-142,hsa-mir-142,DEK
hsa-mir-142,hsa-mir-142,USP6NL
hsa-mir-142,hsa-mir-142,NMT2
hsa-mir-142,hsa-mir-142,JOSD1
hsa-mir-142,hsa-mir-142,IQGAP3
hsa-mir-142,hsa-mir-142,MELK
hsa-mir-142,hsa-mir-142,CDK6
hsa-mir-142,hsa-mir-142,DONSON
hsa-mir-142,hsa-mir-142,TRIM2
hsa-mir-142,hsa-mir-142,MASTL
hsa-mir-142,hsa-mir-142,PRNP
hsa-mir-142,hsa-mir-142,ANP32E
hsa-mir-142,hsa-mir-142,CRY2
hsa-mir-142,hsa-mir-142,ANLN
hsa-mir-142,hsa-mir-142,PROM1
hsa-mir-142,hsa-mir-142,MRAS
hsa-mir-142,hsa-mir-142,MYO10
hsa-mir-142,hsa-mir-142,SCHIP1
hsa-mir-142,hsa-mir-142,ERBB2
hsa-mir-142,hsa-mir-142,SOX11
hsa-mir-142,hsa-mir-142,RANBP1
hsa-mir-142,hsa-mir-142,CCNB1
hsa-mir-142,hsa-mir-142,RHEB
hsa-mir-142,hsa-mir-142,STK38
hsa-mir-142,hsa-mir-142,EML4
hsa-mir-142,hsa-mir-142,TROAP
hsa-mir-142,hsa-mir-142,CDC25A
hsa-mir-142,hsa-mir-142,FOXM1
hsa-mir-142,hsa-mir-142,GATA3
hsa-mir-142,hsa-mir-142,CHST3
hsa-mir-142,hsa-mir-142,UBE2E3
hsa-mir-142,hsa-mir-142,PLK1
hsa-mir-142,hsa-mir-142,PFKP
hsa-mir-142,hsa-mir-142,BTG3
hsa-mir-142,hsa-mir-142,HDAC2
hsa-mir-142,hsa-mir-142,TTK
hsa-mir-142,hsa-mir-142,IRAK1
hsa-mir-142,hsa-mir-142,TCF7L1
hsa-mir-142,hsa-mir-142,MPP6
hsa-mir-142,hsa-mir-142,SERBP1
hsa-mir-15b,hsa-mir-15b,SHCBP1
hsa-mir-15b,hsa-mir-15b,USP6NL
hsa-mir-15b,hsa-mir-15b,NMT2
hsa-mir-15b,hsa-mir-15b,JOSD1
hsa-mir-15b,hsa-mir-15b,GMPS
hsa-mir-15b,hsa-mir-15b,CDK6
hsa-mir-15b,hsa-mir-15b,DONSON
hsa-mir-15b,hsa-mir-15b,TRIM2
hsa-mir-15b,hsa-mir-15b,NUDT5
hsa-mir-15b,hsa-mir-15b,ANP32E
hsa-mir-15b,hsa-mir-15b,CBX2
hsa-mir-15b,hsa-mir-15b,FAM171A1
hsa-mir-15b,hsa-mir-15b,ANLN
hsa-mir-15b,hsa-mir-15b,MRAS
hsa-mir-15b,hsa-mir-15b,CEP55
hsa-mir-15b,hsa-mir-15b,GPN1
hsa-mir-15b,hsa-mir-15b,TRIM29
hsa-mir-15b,hsa-mir-15b,E2F3
hsa-mir-15b,hsa-mir-15b,PIM1
hsa-mir-15b,hsa-mir-15b,PSAT1
hsa-mir-15b,hsa-mir-15b,STK38
hsa-mir-15b,hsa-mir-15b,EML4
hsa-mir-15b,hsa-mir-15b,CDC25A
hsa-mir-15b,hsa-mir-15b,PDIA6
hsa-mir-15b,hsa-mir-15b,CHST3
hsa-mir-15b,hsa-mir-15b,CDCA2
hsa-mir-15b,hsa-mir-15b,HDGF
hsa-mir-15b,hsa-mir-15b,KIF23
hsa-mir-15b,hsa-mir-15b,SRPK1
hsa-mir-15b,hsa-mir-15b,CLCN4
hsa-mir-15b,hsa-mir-15b,MPP6
hsa-mir-15b,hsa-mir-15b,SERBP1
hsa-mir-15b,hsa-mir-15b,OIP5
hsa-mir-15b,hsa-mir-15b,CHEK1
hsa-mir-2355,hsa-mir-2355,DEPDC1
hsa-mir-2355,hsa-mir-2355,USP6NL
hsa-mir-2355,hsa-mir-2355,CCDC82
hsa-mir-2355,hsa-mir-2355,STK38
hsa-mir-2355,hsa-mir-2355,EML4
hsa-mir-2355,hsa-mir-2355,RPIA
hsa-mir-2355,hsa-mir-2355,TRDMT1
hsa-mir-2355,hsa-mir-2355,GMPS
hsa-mir-2355,hsa-mir-2355,PPP1CB
hsa-mir-2355,hsa-mir-2355,LBR
hsa-mir-2355,hsa-mir-2355,PRKD3
hsa-mir-2355,hsa-mir-2355,PDIA6
hsa-mir-2355,hsa-mir-2355,FOXA1
hsa-mir-2355,hsa-mir-2355,MELK
hsa-mir-2355,hsa-mir-2355,CHST3
hsa-mir-2355,hsa-mir-2355,ST8SIA1
hsa-mir-2355,hsa-mir-2355,RAP2B
hsa-mir-2355,hsa-mir-2355,SRPK1
hsa-mir-2355,hsa-mir-2355,B3GNT5
hsa-mir-2355,hsa-mir-2355,SEPHS1
hsa-mir-2355,hsa-mir-2355,SOX11
hsa-mir-877,hsa-mir-877,FOXM1
hsa-mir-877,hsa-mir-877,IGF2BP2
hsa-mir-877,hsa-mir-877,MTHFD1L
hsa-mir-7158,hsa-mir-7158,PIM1
hsa-mir-7158,hsa-mir-7158,TUBB6
hsa-mir-7158,hsa-mir-7158,SFT2D2
hsa-mir-7158,hsa-mir-7158,CRY2
hsa-mir-7158,hsa-mir-7158,MEMO1
hsa-mir-7158,hsa-mir-7158,CENPO
hsa-mir-7158,hsa-mir-7158,GABRP
hsa-mir-7158,hsa-mir-7158,GPSM2
hsa-mir-532,hsa-mir-532,UBE2E3
hsa-mir-532,hsa-mir-532,NUDT5
hsa-mir-532,hsa-mir-532,CDC42EP1
hsa-mir-532,hsa-mir-532,PDHA1
hsa-mir-532,hsa-mir-532,SFT2D2
hsa-mir-532,hsa-mir-532,GLIPR2
hsa-mir-532,hsa-mir-532,PSMG1
hsa-mir-532,hsa-mir-532,KIAA0020
hsa-mir-532,hsa-mir-532,RNF8
hsa-mir-532,hsa-mir-532,RAD51
hsa-mir-532,hsa-mir-532,XPO5
hsa-mir-135b,hsa-mir-135b,DEPDC1
hsa-mir-135b,hsa-mir-135b,EML4
hsa-mir-135b,hsa-mir-135b,NMT2
hsa-mir-135b,hsa-mir-135b,JOSD1
hsa-mir-135b,hsa-mir-135b,GATA3
hsa-mir-135b,hsa-mir-135b,PRKD3
hsa-mir-135b,hsa-mir-135b,CHST3
hsa-mir-135b,hsa-mir-135b,CDK6
hsa-mir-135b,hsa-mir-135b,DONSON
hsa-mir-135b,hsa-mir-135b,GPM6B
hsa-mir-135b,hsa-mir-135b,TRIM2
hsa-mir-135b,hsa-mir-135b,ANP32E
hsa-mir-135b,hsa-mir-135b,SEPHS1
hsa-mir-135b,hsa-mir-135b,MRAS
hsa-mir-135b,hsa-mir-135b,JRKL
hsa-mir-135b,hsa-mir-135b,CHEK1
hsa-mir-378c,hsa-mir-378c,FANCA
hsa-mir-378c,hsa-mir-378c,SKP2
hsa-mir-378c,hsa-mir-378c,UCK2
hsa-mir-378c,hsa-mir-378c,GLIPR2
hsa-mir-378c,hsa-mir-378c,NMT2
hsa-mir-378c,hsa-mir-378c,XPO5
hsa-mir-92a-2,hsa-mir-92a-2,EZH2
hsa-mir-92a-2,hsa-mir-92a-2,GLIPR2
hsa-mir-92a-2,hsa-mir-92a-2,NMT2
hsa-mir-92a-2,hsa-mir-92a-2,JOSD1
hsa-mir-92a-2,hsa-mir-92a-2,CENPF
hsa-mir-92a-2,hsa-mir-92a-2,EN1
hsa-mir-92a-2,hsa-mir-92a-2,IGF2BP2
hsa-mir-92a-2,hsa-mir-92a-2,L3MBTL4
hsa-mir-92a-2,hsa-mir-92a-2,TRIM2
hsa-mir-92a-2,hsa-mir-92a-2,ANP32E
hsa-mir-92a-2,hsa-mir-92a-2,MYO10
hsa-mir-92a-2,hsa-mir-92a-2,PPARA
hsa-mir-92a-2,hsa-mir-92a-2,SOX11
hsa-mir-92a-2,hsa-mir-92a-2,DSC2
hsa-mir-92a-2,hsa-mir-92a-2,E2F3
hsa-mir-92a-2,hsa-mir-92a-2,CDC25A
hsa-mir-92a-2,hsa-mir-92a-2,MTHFD1L
hsa-mir-92a-2,hsa-mir-92a-2,STMN1
hsa-mir-92a-2,hsa-mir-92a-2,ATL2
hsa-mir-92a-2,hsa-mir-92a-2,RAD51
hsa-mir-92a-2,hsa-mir-92a-2,NCAPG
hsa-mir-92a-2,hsa-mir-92a-2,XBP1
hsa-mir-92a-2,hsa-mir-92a-2,MICALL1
hsa-mir-92a-2,hsa-mir-92a-2,FAM136A
hsa-mir-92a-2,hsa-mir-92a-2,SRPK1
hsa-mir-92a-2,hsa-mir-92a-2,HDAC2
hsa-mir-92a-2,hsa-mir-92a-2,RUNDC1
hsa-mir-92a-2,hsa-mir-92a-2,CLCN4
hsa-mir-92a-2,hsa-mir-92a-2,SERBP1
hsa-mir-92a-2,hsa-mir-92a-2,OIP5
hsa-mir-548b,hsa-mir-548b,LPIN1
hsa-mir-548b,hsa-mir-548b,IFRD1
hsa-mir-548b,hsa-mir-548b,DEK
hsa-mir-548b,hsa-mir-548b,E2F3
hsa-mir-548b,hsa-mir-548b,USP6NL
hsa-mir-548b,hsa-mir-548b,CCDC82
hsa-mir-548b,hsa-mir-548b,PSAT1
hsa-mir-548b,hsa-mir-548b,GLIPR2
hsa-mir-548b,hsa-mir-548b,PPP1CB
hsa-mir-548b,hsa-mir-548b,TUBB
hsa-mir-548b,hsa-mir-548b,LBR
hsa-mir-548b,hsa-mir-548b,PSME4
hsa-mir-548b,hsa-mir-548b,ATL2
hsa-mir-548b,hsa-mir-548b,CCNA2
hsa-mir-548b,hsa-mir-548b,TBC1D22B
hsa-mir-548b,hsa-mir-548b,RIPK2
hsa-mir-548b,hsa-mir-548b,TRIM2
hsa-mir-548b,hsa-mir-548b,LMO4
hsa-mir-548b,hsa-mir-548b,MSN
hsa-mir-548b,hsa-mir-548b,TIGD2
hsa-mir-548b,hsa-mir-548b,SEPHS1
hsa-mir-548b,hsa-mir-548b,GPR161
hsa-mir-548b,hsa-mir-548b,ANLN
hsa-mir-548b,hsa-mir-548b,SCHIP1
hsa-mir-548b,hsa-mir-548b,NIP7
hsa-mir-224,hsa-mir-224,GPN1
hsa-mir-224,hsa-mir-224,PADI2
hsa-mir-224,hsa-mir-224,TBC1D1
hsa-mir-224,hsa-mir-224,USP6NL
hsa-mir-224,hsa-mir-224,GLIPR2
hsa-mir-224,hsa-mir-224,CDCA8
hsa-mir-224,hsa-mir-224,CHST3
hsa-mir-224,hsa-mir-224,ST8SIA1
hsa-mir-224,hsa-mir-224,TUBB6
hsa-mir-224,hsa-mir-224,KIF23
hsa-mir-224,hsa-mir-224,RSU1
hsa-mir-224,hsa-mir-224,RAP2B
hsa-mir-224,hsa-mir-224,FAM136A
hsa-mir-224,hsa-mir-224,ENO1
hsa-mir-224,hsa-mir-224,TIGD2
hsa-mir-224,hsa-mir-224,SEPHS1
hsa-mir-224,hsa-mir-224,GPR161
hsa-mir-224,hsa-mir-224,RNF8
hsa-mir-224,hsa-mir-224,GABRP
hsa-mir-224,hsa-mir-224,SERBP1
hsa-mir-224,hsa-mir-224,CHEK1
hsa-mir-224,hsa-mir-224,XPO5
hsa-mir-130b,hsa-mir-130b,FANCA
hsa-mir-130b,hsa-mir-130b,RASAL1
hsa-mir-130b,hsa-mir-130b,DEPDC1
hsa-mir-130b,hsa-mir-130b,EML4
hsa-mir-130b,hsa-mir-130b,NMT2
hsa-mir-130b,hsa-mir-130b,JOSD1
hsa-mir-130b,hsa-mir-130b,MEMO1
hsa-mir-130b,hsa-mir-130b,LBR
hsa-mir-130b,hsa-mir-130b,PRKD3
hsa-mir-130b,hsa-mir-130b,RACGAP1
hsa-mir-130b,hsa-mir-130b,CCNA2
hsa-mir-130b,hsa-mir-130b,CHST3
hsa-mir-130b,hsa-mir-130b,CDK6
hsa-mir-130b,hsa-mir-130b,DONSON
hsa-mir-130b,hsa-mir-130b,TRIM2
hsa-mir-130b,hsa-mir-130b,UGT8
hsa-mir-130b,hsa-mir-130b,PRNP
hsa-mir-130b,hsa-mir-130b,RBM17
hsa-mir-130b,hsa-mir-130b,ANP32E
hsa-mir-130b,hsa-mir-130b,MRAS
hsa-mir-130b,hsa-mir-130b,CENPO
hsa-mir-130b,hsa-mir-130b,RUNDC1
hsa-mir-130b,hsa-mir-130b,MYO10
hsa-mir-130b,hsa-mir-130b,CEP55
hsa-mir-130b,hsa-mir-130b,CLCN4
hsa-mir-130b,hsa-mir-130b,MPP6
hsa-mir-130b,hsa-mir-130b,SERBP1
hsa-mir-19b-2,hsa-mir-19b-2,SHCBP1
hsa-mir-19b-2,hsa-mir-19b-2,CCDC82
hsa-mir-19b-2,hsa-mir-19b-2,STK38
hsa-mir-19b-2,hsa-mir-19b-2,EML4
hsa-mir-19b-2,hsa-mir-19b-2,NMT2
hsa-mir-19b-2,hsa-mir-19b-2,JOSD1
hsa-mir-19b-2,hsa-mir-19b-2,MEMO1
hsa-mir-19b-2,hsa-mir-19b-2,ATL2
hsa-mir-19b-2,hsa-mir-19b-2,RACGAP1
hsa-mir-19b-2,hsa-mir-19b-2,CCNA2
hsa-mir-19b-2,hsa-mir-19b-2,CHST3
hsa-mir-19b-2,hsa-mir-19b-2,CDK6
hsa-mir-19b-2,hsa-mir-19b-2,DONSON
hsa-mir-19b-2,hsa-mir-19b-2,TRIM2
hsa-mir-19b-2,hsa-mir-19b-2,UGT8
hsa-mir-19b-2,hsa-mir-19b-2,MASTL
hsa-mir-19b-2,hsa-mir-19b-2,RAP2B
hsa-mir-19b-2,hsa-mir-19b-2,ANP32E
hsa-mir-19b-2,hsa-mir-19b-2,MRAS
hsa-mir-19b-2,hsa-mir-19b-2,CEP55
hsa-mir-19b-2,hsa-mir-19b-2,PPARA
hsa-mir-19b-2,hsa-mir-19b-2,CHEK1
hsa-mir-934,hsa-mir-934,GLIPR2
hsa-mir-934,hsa-mir-934,NMT2
hsa-mir-934,hsa-mir-934,CDCA7
hsa-mir-934,hsa-mir-934,JOSD1
hsa-mir-934,hsa-mir-934,FOXA1
hsa-mir-934,hsa-mir-934,CENPF
hsa-mir-934,hsa-mir-934,EN1
hsa-mir-934,hsa-mir-934,IGF2BP2
hsa-mir-934,hsa-mir-934,CDK6
hsa-mir-934,hsa-mir-934,L3MBTL4
hsa-mir-934,hsa-mir-934,TRIM2
hsa-mir-934,hsa-mir-934,MASTL
hsa-mir-934,hsa-mir-934,MCM3
hsa-mir-934,hsa-mir-934,CRY2
hsa-mir-934,hsa-mir-934,MYO10
hsa-mir-934,hsa-mir-934,PPARA
hsa-mir-934,hsa-mir-934,E2F3
hsa-mir-934,hsa-mir-934,STK38
hsa-mir-934,hsa-mir-934,CDCA3
hsa-mir-934,hsa-mir-934,TROAP
hsa-mir-934,hsa-mir-934,CDC25A
hsa-mir-934,hsa-mir-934,MTHFD1L
hsa-mir-934,hsa-mir-934,STMN1
hsa-mir-934,hsa-mir-934,ATL2
hsa-mir-934,hsa-mir-934,RAD51
hsa-mir-934,hsa-mir-934,RACGAP1
hsa-mir-934,hsa-mir-934,NCAPG
hsa-mir-934,hsa-mir-934,LYN
hsa-mir-934,hsa-mir-934,PFKP
hsa-mir-934,hsa-mir-934,UBXN2A
hsa-mir-934,hsa-mir-934,KIF23
hsa-mir-934,hsa-mir-934,MICALL1
hsa-mir-934,hsa-mir-934,FAM136A
hsa-mir-934,hsa-mir-934,BTG3
hsa-mir-934,hsa-mir-934,SRPK1
hsa-mir-934,hsa-mir-934,BAG2
hsa-mir-934,hsa-mir-934,HDAC2
hsa-mir-934,hsa-mir-934,SEPHS1
hsa-mir-934,hsa-mir-934,CENPO
hsa-mir-934,hsa-mir-934,RUNDC1
hsa-mir-934,hsa-mir-934,CLCN4
hsa-mir-934,hsa-mir-934,TCF7L1
hsa-mir-934,hsa-mir-934,SERBP1
hsa-mir-934,hsa-mir-934,OIP5
hsa-mir-590,hsa-mir-590,TIGD2
hsa-mir-590,hsa-mir-590,KIF11
hsa-mir-590,hsa-mir-590,NUDT5
hsa-mir-590,hsa-mir-590,SKP2
hsa-mir-590,hsa-mir-590,PSRC1
hsa-mir-590,hsa-mir-590,MSH2
hsa-mir-590,hsa-mir-590,MICALL1
hsa-mir-590,hsa-mir-590,CDC25A
hsa-mir-590,hsa-mir-590,CDK6
hsa-mir-10b,hsa-mir-10b,E2F3
hsa-mir-10b,hsa-mir-10b,EML4
hsa-mir-10b,hsa-mir-10b,NMT2
hsa-mir-10b,hsa-mir-10b,JOSD1
hsa-mir-10b,hsa-mir-10b,GATA3
hsa-mir-10b,hsa-mir-10b,CHST3
hsa-mir-10b,hsa-mir-10b,CDK6
hsa-mir-10b,hsa-mir-10b,DONSON
hsa-mir-10b,hsa-mir-10b,TBC1D22B
hsa-mir-10b,hsa-mir-10b,ST8SIA1
hsa-mir-10b,hsa-mir-10b,TRIM2
hsa-mir-10b,hsa-mir-10b,ANP32E
hsa-mir-10b,hsa-mir-10b,MRAS
hsa-mir-769,hsa-mir-769,PIM1
hsa-mir-769,hsa-mir-769,TUBB6
hsa-mir-769,hsa-mir-769,SFT2D2
hsa-mir-769,hsa-mir-769,CRY2
hsa-mir-769,hsa-mir-769,MEMO1
hsa-mir-769,hsa-mir-769,CENPO
hsa-mir-769,hsa-mir-769,GABRP
hsa-mir-769,hsa-mir-769,GPSM2
hsa-mir-210,hsa-mir-210,TIGD2
hsa-mir-210,hsa-mir-210,KIF11
hsa-mir-210,hsa-mir-210,NUDT5
hsa-mir-210,hsa-mir-210,E2F3
hsa-mir-210,hsa-mir-210,SKP2
hsa-mir-210,hsa-mir-210,USP6NL
hsa-mir-210,hsa-mir-210,PSRC1
hsa-mir-210,hsa-mir-210,MSH2
hsa-mir-210,hsa-mir-210,RAP2B
hsa-mir-210,hsa-mir-210,MICALL1
hsa-mir-210,hsa-mir-210,CDC25A
hsa-mir-210,hsa-mir-210,CDK6
hsa-mir-301b,hsa-mir-301b,FANCA
hsa-mir-301b,hsa-mir-301b,SLC22A5
hsa-mir-301b,hsa-mir-301b,NMT2
hsa-mir-301b,hsa-mir-301b,CDCA7
hsa-mir-301b,hsa-mir-301b,JOSD1
hsa-mir-301b,hsa-mir-301b,TSPAN33
hsa-mir-301b,hsa-mir-301b,LBR
hsa-mir-301b,hsa-mir-301b,PRKD3
hsa-mir-301b,hsa-mir-301b,YBX1
hsa-mir-301b,hsa-mir-301b,FOXA1
hsa-mir-301b,hsa-mir-301b,CCNA2
hsa-mir-301b,hsa-mir-301b,ST8SIA1
hsa-mir-301b,hsa-mir-301b,TRIM2
hsa-mir-301b,hsa-mir-301b,PRNP
hsa-mir-301b,hsa-mir-301b,IFNAR2
hsa-mir-301b,hsa-mir-301b,CBX2
hsa-mir-301b,hsa-mir-301b,CRY2
hsa-mir-301b,hsa-mir-301b,B3GNT5
hsa-mir-301b,hsa-mir-301b,SKP2
hsa-mir-301b,hsa-mir-301b,MYO10
hsa-mir-301b,hsa-mir-301b,CEP55
hsa-mir-301b,hsa-mir-301b,ANKRA2
hsa-mir-301b,hsa-mir-301b,RASAL1
hsa-mir-301b,hsa-mir-301b,DEPDC1
hsa-mir-301b,hsa-mir-301b,DSC2
hsa-mir-301b,hsa-mir-301b,E2F3
hsa-mir-301b,hsa-mir-301b,EML4
hsa-mir-301b,hsa-mir-301b,MTHFD1L
hsa-mir-301b,hsa-mir-301b,DBF4
hsa-mir-301b,hsa-mir-301b,MEMO1
hsa-mir-301b,hsa-mir-301b,ATL2
hsa-mir-301b,hsa-mir-301b,RACGAP1
hsa-mir-301b,hsa-mir-301b,LYN
hsa-mir-301b,hsa-mir-301b,UGT8
hsa-mir-301b,hsa-mir-301b,RBM17
hsa-mir-301b,hsa-mir-301b,UBXN2A
hsa-mir-301b,hsa-mir-301b,PPP1R14C
hsa-mir-301b,hsa-mir-301b,RAP2B
hsa-mir-301b,hsa-mir-301b,SEPHS1
hsa-mir-301b,hsa-mir-301b,CENPO
hsa-mir-301b,hsa-mir-301b,RUNDC1
hsa-mir-301b,hsa-mir-301b,CLCN4
hsa-mir-301b,hsa-mir-301b,MPP6
hsa-mir-301b,hsa-mir-301b,SERBP1
hsa-mir-301b,hsa-mir-301b,COTL1
hsa-mir-1307,hsa-mir-1307,FANCA
hsa-mir-1307,hsa-mir-1307,RASAL1
hsa-mir-1307,hsa-mir-1307,DEPDC1
hsa-mir-1307,hsa-mir-1307,EML4
hsa-mir-1307,hsa-mir-1307,NMT2
hsa-mir-1307,hsa-mir-1307,JOSD1
hsa-mir-1307,hsa-mir-1307,MEMO1
hsa-mir-1307,hsa-mir-1307,LBR
hsa-mir-1307,hsa-mir-1307,PRKD3
hsa-mir-1307,hsa-mir-1307,RACGAP1
hsa-mir-1307,hsa-mir-1307,CCNA2
hsa-mir-1307,hsa-mir-1307,CHST3
hsa-mir-1307,hsa-mir-1307,CDK6
hsa-mir-1307,hsa-mir-1307,DONSON
hsa-mir-1307,hsa-mir-1307,TRIM2
hsa-mir-1307,hsa-mir-1307,UGT8
hsa-mir-1307,hsa-mir-1307,PRNP
hsa-mir-1307,hsa-mir-1307,RBM17
hsa-mir-1307,hsa-mir-1307,ANP32E
hsa-mir-1307,hsa-mir-1307,MRAS
hsa-mir-1307,hsa-mir-1307,CENPO
hsa-mir-1307,hsa-mir-1307,RUNDC1
hsa-mir-1307,hsa-mir-1307,MYO10
hsa-mir-1307,hsa-mir-1307,CEP55
hsa-mir-1307,hsa-mir-1307,CLCN4
hsa-mir-1307,hsa-mir-1307,MPP6
hsa-mir-1307,hsa-mir-1307,SERBP1
hsa-mir-93,hsa-mir-93,GLIPR2
hsa-mir-93,hsa-mir-93,NMT2
hsa-mir-93,hsa-mir-93,CDCA7
hsa-mir-93,hsa-mir-93,JOSD1
hsa-mir-93,hsa-mir-93,FOXA1
hsa-mir-93,hsa-mir-93,CENPF
hsa-mir-93,hsa-mir-93,EN1
hsa-mir-93,hsa-mir-93,IGF2BP2
hsa-mir-93,hsa-mir-93,CDK6
hsa-mir-93,hsa-mir-93,L3MBTL4
hsa-mir-93,hsa-mir-93,TRIM2
hsa-mir-93,hsa-mir-93,MASTL
hsa-mir-93,hsa-mir-93,MCM3
hsa-mir-93,hsa-mir-93,CRY2
hsa-mir-93,hsa-mir-93,MYO10
hsa-mir-93,hsa-mir-93,PPARA
hsa-mir-93,hsa-mir-93,E2F3
hsa-mir-93,hsa-mir-93,STK38
hsa-mir-93,hsa-mir-93,CDCA3
hsa-mir-93,hsa-mir-93,TROAP
hsa-mir-93,hsa-mir-93,CDC25A
hsa-mir-93,hsa-mir-93,MTHFD1L
hsa-mir-93,hsa-mir-93,STMN1
hsa-mir-93,hsa-mir-93,ATL2
hsa-mir-93,hsa-mir-93,RAD51
hsa-mir-93,hsa-mir-93,RACGAP1
hsa-mir-93,hsa-mir-93,NCAPG
hsa-mir-93,hsa-mir-93,LYN
hsa-mir-93,hsa-mir-93,PFKP
hsa-mir-93,hsa-mir-93,UBXN2A
hsa-mir-93,hsa-mir-93,KIF23
hsa-mir-93,hsa-mir-93,MICALL1
hsa-mir-93,hsa-mir-93,FAM136A
hsa-mir-93,hsa-mir-93,BTG3
hsa-mir-93,hsa-mir-93,SRPK1
hsa-mir-93,hsa-mir-93,BAG2
hsa-mir-93,hsa-mir-93,HDAC2
hsa-mir-93,hsa-mir-93,SEPHS1
hsa-mir-93,hsa-mir-93,CENPO
hsa-mir-93,hsa-mir-93,RUNDC1
hsa-mir-93,hsa-mir-93,CLCN4
hsa-mir-93,hsa-mir-93,TCF7L1
hsa-mir-93,hsa-mir-93,SERBP1
hsa-mir-93,hsa-mir-93,OIP5
hsa-mir-23a,hsa-mir-23a,DEPDC1
hsa-mir-23a,hsa-mir-23a,USP6NL
hsa-mir-23a,hsa-mir-23a,CCDC82
hsa-mir-23a,hsa-mir-23a,STK38
hsa-mir-23a,hsa-mir-23a,EML4
hsa-mir-23a,hsa-mir-23a,RPIA
hsa-mir-23a,hsa-mir-23a,TRDMT1
hsa-mir-23a,hsa-mir-23a,GMPS
hsa-mir-23a,hsa-mir-23a,PPP1CB
hsa-mir-23a,hsa-mir-23a,LBR
hsa-mir-23a,hsa-mir-23a,PRKD3
hsa-mir-23a,hsa-mir-23a,PDIA6
hsa-mir-23a,hsa-mir-23a,FOXA1
hsa-mir-23a,hsa-mir-23a,MELK
hsa-mir-23a,hsa-mir-23a,CHST3
hsa-mir-23a,hsa-mir-23a,ST8SIA1
hsa-mir-23a,hsa-mir-23a,RAP2B
hsa-mir-23a,hsa-mir-23a,SRPK1
hsa-mir-23a,hsa-mir-23a,B3GNT5
hsa-mir-23a,hsa-mir-23a,SEPHS1
hsa-mir-23a,hsa-mir-23a,SOX11
hsa-let-7i,hsa-let-7i,CDC25A
hsa-let-7i,hsa-let-7i,SUV39H2
hsa-let-7i,hsa-let-7i,JOSD1
hsa-let-7i,hsa-let-7i,TTLL4
hsa-let-7i,hsa-let-7i,LBR
hsa-let-7i,hsa-let-7i,CDCA8
hsa-let-7i,hsa-let-7i,IGF2BP2
hsa-let-7i,hsa-let-7i,CHST3
hsa-let-7i,hsa-let-7i,CDK6
hsa-let-7i,hsa-let-7i,ST8SIA1
hsa-let-7i,hsa-let-7i,RRP1B
hsa-let-7i,hsa-let-7i,CBX2
hsa-let-7i,hsa-let-7i,CRY2
hsa-let-7i,hsa-let-7i,MSN
hsa-let-7i,hsa-let-7i,RNF8
hsa-let-7i,hsa-let-7i,ESPL1
hsa-mir-3691,hsa-mir-3691,NCK1
hsa-mir-3691,hsa-mir-3691,LPIN1
hsa-mir-3691,hsa-mir-3691,UBE2E3
hsa-mir-3691,hsa-mir-3691,CEBPB
hsa-mir-3691,hsa-mir-3691,KIF20A
hsa-mir-3691,hsa-mir-3691,SEPHS1
hsa-mir-3691,hsa-mir-3691,TUBB
hsa-mir-3691,hsa-mir-3691,CKAP2L
hsa-mir-3691,hsa-mir-3691,MYO10
hsa-mir-92a-1,hsa-mir-92a-1,EZH2
hsa-mir-92a-1,hsa-mir-92a-1,GLIPR2
hsa-mir-92a-1,hsa-mir-92a-1,NMT2
hsa-mir-92a-1,hsa-mir-92a-1,JOSD1
hsa-mir-92a-1,hsa-mir-92a-1,CENPF
hsa-mir-92a-1,hsa-mir-92a-1,EN1
hsa-mir-92a-1,hsa-mir-92a-1,IGF2BP2
hsa-mir-92a-1,hsa-mir-92a-1,L3MBTL4
hsa-mir-92a-1,hsa-mir-92a-1,TRIM2
hsa-mir-92a-1,hsa-mir-92a-1,ANP32E
hsa-mir-92a-1,hsa-mir-92a-1,MYO10
hsa-mir-92a-1,hsa-mir-92a-1,PPARA
hsa-mir-92a-1,hsa-mir-92a-1,SOX11
hsa-mir-92a-1,hsa-mir-92a-1,DSC2
hsa-mir-92a-1,hsa-mir-92a-1,E2F3
hsa-mir-92a-1,hsa-mir-92a-1,CDC25A
hsa-mir-92a-1,hsa-mir-92a-1,MTHFD1L
hsa-mir-92a-1,hsa-mir-92a-1,STMN1
hsa-mir-92a-1,hsa-mir-92a-1,ATL2
hsa-mir-92a-1,hsa-mir-92a-1,RAD51
hsa-mir-92a-1,hsa-mir-92a-1,NCAPG
hsa-mir-92a-1,hsa-mir-92a-1,XBP1
hsa-mir-92a-1,hsa-mir-92a-1,MICALL1
hsa-mir-92a-1,hsa-mir-92a-1,FAM136A
hsa-mir-92a-1,hsa-mir-92a-1,SRPK1
hsa-mir-92a-1,hsa-mir-92a-1,HDAC2
hsa-mir-92a-1,hsa-mir-92a-1,RUNDC1
hsa-mir-92a-1,hsa-mir-92a-1,CLCN4
hsa-mir-92a-1,hsa-mir-92a-1,SERBP1
hsa-mir-92a-1,hsa-mir-92a-1,OIP5
hsa-mir-25,hsa-mir-25,EZH2
hsa-mir-25,hsa-mir-25,LPIN1
hsa-mir-25,hsa-mir-25,DSC2
hsa-mir-25,hsa-mir-25,E2F3
hsa-mir-25,hsa-mir-25,JOSD1
hsa-mir-25,hsa-mir-25,CENPF
hsa-mir-25,hsa-mir-25,XBP1
hsa-mir-25,hsa-mir-25,ANP32E
hsa-mir-25,hsa-mir-25,MYO10
hsa-mir-25,hsa-mir-25,SOX11
hsa-mir-378a,hsa-mir-378a,FANCA
hsa-mir-378a,hsa-mir-378a,SKP2
hsa-mir-378a,hsa-mir-378a,UCK2
hsa-mir-378a,hsa-mir-378a,GLIPR2
hsa-mir-378a,hsa-mir-378a,NMT2
hsa-mir-378a,hsa-mir-378a,XPO5
hsa-mir-939,hsa-mir-939,GLIPR2
hsa-mir-939,hsa-mir-939,NMT2
hsa-mir-939,hsa-mir-939,CDCA7
hsa-mir-939,hsa-mir-939,JOSD1
hsa-mir-939,hsa-mir-939,FOXA1
hsa-mir-939,hsa-mir-939,CENPF
hsa-mir-939,hsa-mir-939,EN1
hsa-mir-939,hsa-mir-939,IGF2BP2
hsa-mir-939,hsa-mir-939,CDK6
hsa-mir-939,hsa-mir-939,L3MBTL4
hsa-mir-939,hsa-mir-939,TRIM2
hsa-mir-939,hsa-mir-939,MASTL
hsa-mir-939,hsa-mir-939,MCM3
hsa-mir-939,hsa-mir-939,CRY2
hsa-mir-939,hsa-mir-939,MYO10
hsa-mir-939,hsa-mir-939,PPARA
hsa-mir-939,hsa-mir-939,E2F3
hsa-mir-939,hsa-mir-939,STK38
hsa-mir-939,hsa-mir-939,CDCA3
hsa-mir-939,hsa-mir-939,TROAP
hsa-mir-939,hsa-mir-939,CDC25A
hsa-mir-939,hsa-mir-939,MTHFD1L
hsa-mir-939,hsa-mir-939,STMN1
hsa-mir-939,hsa-mir-939,ATL2
hsa-mir-939,hsa-mir-939,RAD51
hsa-mir-939,hsa-mir-939,RACGAP1
hsa-mir-939,hsa-mir-939,NCAPG
hsa-mir-939,hsa-mir-939,LYN
hsa-mir-939,hsa-mir-939,PFKP
hsa-mir-939,hsa-mir-939,UBXN2A
hsa-mir-939,hsa-mir-939,KIF23
hsa-mir-939,hsa-mir-939,MICALL1
hsa-mir-939,hsa-mir-939,FAM136A
hsa-mir-939,hsa-mir-939,BTG3
hsa-mir-939,hsa-mir-939,SRPK1
hsa-mir-939,hsa-mir-939,BAG2
hsa-mir-939,hsa-mir-939,HDAC2
hsa-mir-939,hsa-mir-939,SEPHS1
hsa-mir-939,hsa-mir-939,CENPO
hsa-mir-939,hsa-mir-939,RUNDC1
hsa-mir-939,hsa-mir-939,CLCN4
hsa-mir-939,hsa-mir-939,TCF7L1
hsa-mir-939,hsa-mir-939,SERBP1
hsa-mir-939,hsa-mir-939,OIP5
hsa-mir-2115,hsa-mir-2115,YARS
hsa-mir-2115,hsa-mir-2115,PSRC1
hsa-mir-2115,hsa-mir-2115,NUF2
hsa-mir-2115,hsa-mir-2115,CDC25A
hsa-mir-2115,hsa-mir-2115,SUV39H2
hsa-mir-2115,hsa-mir-2115,PSMG1
hsa-mir-2115,hsa-mir-2115,RBM28
hsa-mir-2115,hsa-mir-2115,GMPS
hsa-mir-2115,hsa-mir-2115,CDK6
hsa-mir-2115,hsa-mir-2115,KIF11
hsa-mir-2115,hsa-mir-2115,NUDT5
hsa-mir-2115,hsa-mir-2115,KHDRBS3
hsa-mir-2115,hsa-mir-2115,FOXC1
hsa-mir-2115,hsa-mir-2115,UBXN2A
hsa-mir-2115,hsa-mir-2115,MICALL1
hsa-mir-2115,hsa-mir-2115,B3GNT5
hsa-mir-2115,hsa-mir-2115,TIGD2
hsa-mir-2115,hsa-mir-2115,GSG2
hsa-mir-2115,hsa-mir-2115,SKP2
hsa-mir-2115,hsa-mir-2115,JRKL
hsa-mir-2115,hsa-mir-2115,MYO10
hsa-mir-2115,hsa-mir-2115,MSH2
hsa-mir-2115,hsa-mir-2115,TCF7L1
hsa-mir-2115,hsa-mir-2115,SOX11
hsa-mir-2115,hsa-mir-2115,XPO5
hsa-mir-3677,hsa-mir-3677,EZH2
hsa-mir-3677,hsa-mir-3677,DSC2
hsa-mir-3677,hsa-mir-3677,E2F3
hsa-mir-3677,hsa-mir-3677,JOSD1
hsa-mir-3677,hsa-mir-3677,CENPF
hsa-mir-3677,hsa-mir-3677,XBP1
hsa-mir-3677,hsa-mir-3677,ANP32E
hsa-mir-3677,hsa-mir-3677,MYO10
hsa-mir-3677,hsa-mir-3677,SOX11
hsa-mir-501,hsa-mir-501,MSH2
hsa-mir-501,hsa-mir-501,ANP32E
hsa-mir-501,hsa-mir-501,CDK6
hsa-mir-548s,hsa-mir-548s,LPIN1
hsa-mir-548s,hsa-mir-548s,IFRD1
hsa-mir-548s,hsa-mir-548s,DEK
hsa-mir-548s,hsa-mir-548s,E2F3
hsa-mir-548s,hsa-mir-548s,USP6NL
hsa-mir-548s,hsa-mir-548s,CCDC82
hsa-mir-548s,hsa-mir-548s,PSAT1
hsa-mir-548s,hsa-mir-548s,GLIPR2
hsa-mir-548s,hsa-mir-548s,PPP1CB
hsa-mir-548s,hsa-mir-548s,TUBB
hsa-mir-548s,hsa-mir-548s,LBR
hsa-mir-548s,hsa-mir-548s,PSME4
hsa-mir-548s,hsa-mir-548s,ATL2
hsa-mir-548s,hsa-mir-548s,CCNA2
hsa-mir-548s,hsa-mir-548s,TBC1D22B
hsa-mir-548s,hsa-mir-548s,RIPK2
hsa-mir-548s,hsa-mir-548s,TRIM2
hsa-mir-548s,hsa-mir-548s,LMO4
hsa-mir-548s,hsa-mir-548s,MSN
hsa-mir-548s,hsa-mir-548s,TIGD2
hsa-mir-548s,hsa-mir-548s,SEPHS1
hsa-mir-548s,hsa-mir-548s,GPR161
hsa-mir-548s,hsa-mir-548s,ANLN
hsa-mir-548s,hsa-mir-548s,SCHIP1
hsa-mir-548s,hsa-mir-548s,NIP7
hsa-mir-1226,hsa-mir-1226,LMNB2
hsa-mir-1226,hsa-mir-1226,EML4
hsa-mir-1226,hsa-mir-1226,CDC25A
hsa-mir-1226,hsa-mir-1226,NMT2
hsa-mir-1226,hsa-mir-1226,JOSD1
hsa-mir-1226,hsa-mir-1226,ECE2
hsa-mir-1226,hsa-mir-1226,CHST3
hsa-mir-1226,hsa-mir-1226,CDK6
hsa-mir-1226,hsa-mir-1226,DONSON
hsa-mir-1226,hsa-mir-1226,TBC1D22B
hsa-mir-1226,hsa-mir-1226,TRIM2
hsa-mir-1226,hsa-mir-1226,ANP32E
hsa-mir-1226,hsa-mir-1226,CRY2
hsa-mir-1226,hsa-mir-1226,MRAS
hsa-mir-195,hsa-mir-195,SHCBP1
hsa-mir-195,hsa-mir-195,USP6NL
hsa-mir-195,hsa-mir-195,CCDC82
hsa-mir-195,hsa-mir-195,NMT2
hsa-mir-195,hsa-mir-195,JOSD1
hsa-mir-195,hsa-mir-195,CCNA2
hsa-mir-195,hsa-mir-195,CDK6
hsa-mir-195,hsa-mir-195,DONSON
hsa-mir-195,hsa-mir-195,TRIM2
hsa-mir-195,hsa-mir-195,NUDT5
hsa-mir-195,hsa-mir-195,MASTL
hsa-mir-195,hsa-mir-195,ANP32E
hsa-mir-195,hsa-mir-195,CBX2
hsa-mir-195,hsa-mir-195,FAM171A1
hsa-mir-195,hsa-mir-195,ANLN
hsa-mir-195,hsa-mir-195,MRAS
hsa-mir-195,hsa-mir-195,MYO10
hsa-mir-195,hsa-mir-195,CEP55
hsa-mir-195,hsa-mir-195,PPARA
hsa-mir-195,hsa-mir-195,GPN1
hsa-mir-195,hsa-mir-195,TRIM29
hsa-mir-195,hsa-mir-195,E2F3
hsa-mir-195,hsa-mir-195,PIM1
hsa-mir-195,hsa-mir-195,PSAT1
hsa-mir-195,hsa-mir-195,STK38
hsa-mir-195,hsa-mir-195,EML4
hsa-mir-195,hsa-mir-195,CDC25A
hsa-mir-195,hsa-mir-195,MEMO1
hsa-mir-195,hsa-mir-195,PDIA6
hsa-mir-195,hsa-mir-195,ATL2
hsa-mir-195,hsa-mir-195,RACGAP1
hsa-mir-195,hsa-mir-195,CHST3
hsa-mir-195,hsa-mir-195,CDCA2
hsa-mir-195,hsa-mir-195,UGT8
hsa-mir-195,hsa-mir-195,HDGF
hsa-mir-195,hsa-mir-195,KIF23
hsa-mir-195,hsa-mir-195,RAP2B
hsa-mir-195,hsa-mir-195,SRPK1
hsa-mir-195,hsa-mir-195,CLCN4
hsa-mir-195,hsa-mir-195,MPP6
hsa-mir-195,hsa-mir-195,SERBP1
hsa-mir-195,hsa-mir-195,OIP5
hsa-mir-195,hsa-mir-195,CHEK1
hsa-mir-151a,hsa-mir-151a,SHCBP1
hsa-mir-151a,hsa-mir-151a,USP6NL
hsa-mir-151a,hsa-mir-151a,NMT2
hsa-mir-151a,hsa-mir-151a,JOSD1
hsa-mir-151a,hsa-mir-151a,GMPS
hsa-mir-151a,hsa-mir-151a,CDK6
hsa-mir-151a,hsa-mir-151a,DONSON
hsa-mir-151a,hsa-mir-151a,TRIM2
hsa-mir-151a,hsa-mir-151a,NUDT5
hsa-mir-151a,hsa-mir-151a,ANP32E
hsa-mir-151a,hsa-mir-151a,CBX2
hsa-mir-151a,hsa-mir-151a,FAM171A1
hsa-mir-151a,hsa-mir-151a,ANLN
hsa-mir-151a,hsa-mir-151a,MRAS
hsa-mir-151a,hsa-mir-151a,CEP55
hsa-mir-151a,hsa-mir-151a,GPN1
hsa-mir-151a,hsa-mir-151a,TRIM29
hsa-mir-151a,hsa-mir-151a,E2F3
hsa-mir-151a,hsa-mir-151a,PIM1
hsa-mir-151a,hsa-mir-151a,PSAT1
hsa-mir-151a,hsa-mir-151a,STK38
hsa-mir-151a,hsa-mir-151a,PDHA1
hsa-mir-151a,hsa-mir-151a,EML4
hsa-mir-151a,hsa-mir-151a,CDC25A
hsa-mir-151a,hsa-mir-151a,PDIA6
hsa-mir-151a,hsa-mir-151a,CHST3
hsa-mir-151a,hsa-mir-151a,CDCA2
hsa-mir-151a,hsa-mir-151a,HDGF
hsa-mir-151a,hsa-mir-151a,KIF23
hsa-mir-151a,hsa-mir-151a,SRPK1
hsa-mir-151a,hsa-mir-151a,CLCN4
hsa-mir-151a,hsa-mir-151a,MPP6
hsa-mir-151a,hsa-mir-151a,SERBP1
hsa-mir-151a,hsa-mir-151a,OIP5
hsa-mir-151a,hsa-mir-151a,CHEK1
